Refcode,HOMO-LUMO GAP,SMILES,,Atom Type
ALUFUJ,2.7177,CCN(CC)c1ccc2c(Oc3cc(ccc3C32N(C(=O)c2ccccc32)c2ccccc2CN(Cc2ccccn2)Cc2ccccn2)N(CC)CC)c1,ALUFUJ,CHON
AMAHAX,4.1356,COc1cc(cc(OC)c1OC)C(CO)CN1CCC(CCC1=O)C(C)(C)C,AMAHAX,CHON
AMAHEB,3.8247,COc1ccc(cc1)C(CO)CN1CCC(CCC1=O)C(C)(C)C,AMAHEB,CHON
AMAHUR,4.1090,CC(C)(C)C1CCN(CC2(CO)CCc3ccccc23)C(=O)CC1,AMAHUR,CHON
AMEJAE,2.3019,CC(=NN=C1CC2=C(Nc3ccccc23)c2ccccc2N1)c1ccccn1,AMEJAE,CHN
AMEZOH,2.0253,COc1ccc2N(C)c3c(C)c4ccnc(c5ccc(C)cn5)c4cc3c2c1,AMEZOH,CHON
AMEZUN,2.2141,CN1c2ccc(OC(C)=O)cc2c2cc3c(ccnc3c3ccc(C)cn3)c(C)c12,AMEZUN,CHON
AMPHOM03,3.8707,Nc1ccccc1O,AMPHOM03,CHON
AMUZOY,2.6034,COc1ccc(cc1)C(=O)C(=NO)c1ccc(OC)cc1,AMUZOY,CHON
ANAHUT,4.7447,CC1CCCC2CC(OC(=O)C34CCC(C)(C(=O)O3)C4(C)C)C3(CC12C)OC3(C)C,ANAHUT,CHO
ANAJAB,4.6793,CC1CCCC2CC(OC(=O)C34CCC(C)(C(=O)O3)C4(C)C)C3(CC12C)OC3(C)C,ANAJAB,CHO
ANAXUJ,3.7421,CCOC(=O)C1CC23CCCCC2=C(C)CON3O1,ANAXUJ,CHON
ANEZAV,3.9427,COc1ccc(cc1)C12CCCN(CCC(C1)C(C)(C)C)C2=O,ANEZAV,CHON
ANIYEC,2.5786,OC(=O)C1=C(C(=O)C=C(O1)c1ccccc1)c1ccccc1,ANIYEC,CHO
ANIZUT,2.2501,CCC(CC)(CC)OC(=O)c1c2ccccc2cc2ccccc12,ANIZUT,CHO
ANOBEL,2.2473,CCCCCCCCCCCCCCCCOC(=O)c1c2ccccc2cc2ccccc12,ANOBEL,CHO
ANOBIP,2.2570,O=C(OC12CC3CC(CC(C3)C1)C2)c1c2ccccc2cc2ccccc12,ANOBIP,CHO
ANOTIH,2.2602,O=C(Nc1ccccc1)C(=Cc1ccccc1)C#N,ANOTIH,CHON
ANOXUX,2.7335,OC(C(=O)NC1CCCCC1)c1ccccc1N(=O)=O,ANOXUX,CHON
ANTMEU01,1.7143,C1Cc2c3ccccc3c(CCc3c4ccccc4c1c1ccccc31)c1ccccc21,ANTMEU01,CH
ANUKOK,2.7416,O=N(=O)c1cc(c2Oc3cc4ccccc4cc3Oc3cc(Oc4cc5ccccc5cc4Oc1c2)c(cc3N(=O)=O)N(=O)=O)N(=O)=O,ANUKOK,CHON
APACEA,2.0537,CN(C)c1ccc2nnc3c4cccc(C#N)c4ccc3c2c1,APACEA,CHN
APEMEO,3.1678,CC1=C(NC2=NN=NN2C1=O)c1ccccc1,APEMEO,CHON
APEMIS,2.9104,CC(C)(C)c1cc(C2Nc3cccc4cccc(N2)c34)c(O)c(c1)C(C)(C)C,APEMIS,CHON
APEMOY,2.9137,Cc1cccc(C2Nc3cccc4cccc(N2)c34)c1O,APEMOY,CHON
APEYUQ,3.0353,CC(C)(c1ccc(OC(=O)C=C)cc1)c1ccc(OC(=O)C=C)cc1,APEYUQ,CHO
APEZEB,3.1096,C=CC(=O)Oc1ccc(OC(=O)C=C)cc1,APEZEB,CHO
APINOD,3.5129,OCC1CCC23CC(C=C2)c2cc4OCOc4cc2CC(=O)N13,APINOD,CHON
APOKIA,4.1917,OC(C1COCCO1)(c1ccccc1)c1ccccc1,APOKIA,CHO
APOWIM,2.2150,C1C=C(c2ccccc12)c1c2ccccc2c(C2=CCc3ccccc23)c2ccccc12,APOWIM,CH
APOWUY,3.4646,CC1=Cc2ccccc2C1C1C(=Cc2ccccc12)C,APOWUY,CH
APOXUZ,4.4649,C1CC(OC1(c1ccccc1)c1ccccc1)(c1ccccc1)c1ccccc1,APOXUZ,CHO
APUHOJ,4.7157,O=C1C2CCCN2C(=O)C2CCCN12,APUHOJ,CHON
APUXIS,3.6149,CC(C)(C)OC(=O)N1CCC2(CC1)N(C(=O)OC(C)(C)C)C(=O)N(C(=O)OC(C)(C)C)C2=O,APUXIS,CHON
AQACEB,1.8548,CCCCCCCCOc1ccccc1C(=O)C1=CNc2ccccc2N=CC(=CNc2ccccc2N=C1)C(=O)c1ccccc1OCCCCCCCC,AQACEB,CHON
AQACOL,1.8194,O=C1C2=CNc3ccccc3N=CC(=CNc3ccccc3N=C2)C(=O)c2ccccc2OCCCCCCCCCCOc2ccccc12,AQACOL,CHON
AQAGOO,2.8748,O=NN(C1CCCCC1)C1CCCCC1,AQAGOO,CHON
AQINET,2.7006,COC(=O)C1=CN2N=CC=CC2=C1C(=O)OC,AQINET,CHON
AQINIX,2.9903,CCOC(=O)C1=C(C(=O)OC)C(=C2N1N=Cc1ccccc21)C(=O)OC,AQINIX,CHON
ARACOM,3.2694,CC(C)C(NC(=O)c1ccccc1O)C(=O)Nc1ccccc1O,ARACOM,CHON
ARANUC,4.2995,CC(C)(C)OC(=O)N1C(COC1(C)C)C(O)c1ccccc1,ARANUC,CHON
ARUBIY,4.0914,CC(=O)OC(C)=C(C)N(C(C)=O)C(C)=O,ARUBIY,CHON
ASIPOI,2.8260,COC(=O)C1=C2Nc3ccccc3C32CCN2CCC1C(=O)C32,ASIPOI,CHON
ASIWAB,1.7083,CCOC(=O)C=C(C)C=CC=CC=CC(C)=Cc1ccccc1,ASIWAB,CHO
ASOLAW,3.3916,COc1ccc(cc1)C1=NC(C)(C(=O)OC)C2(O1)C(=O)N(C)c1ccccc21,ASOLAW,CHON
ASOSEH,3.8071,CC1OC(=O)C2C1C(C1CCCCC1C2=O)C(=O)OC(C)(C)C,ASOSEH,CHO
ASUMUW,2.7580,OC(=O)c1ccccc1NCCCNc1ccccc1C(O)=O,ASUMUW,CHON
ATAVAT,2.2653,O=C(OC(C1OC(CC2CCCCC12)c1ccccc1)c1ccccc1)c1ccc(cc1)N(=O)=O,ATAVAT,CHON
ATEQAS,2.7621,CN(C)C(=Nc1ccc2ccccc2c1c1c(ccc2ccccc12)N=C(N(C)C)N(C)C)N(C)C,ATEQAS,CHN
ATEQOG,2.8393,CN1CCN(C)C1=Nc1ccc2ccccc2c1c1c(ccc2ccccc12)N=C1N(C)CCN1C,ATEQOG,CHN
ATEQUM,3.3479,CN1CCN(C)C1=Nc1ccccc1c1ccccc1N=C1N(C)CCN1C,ATEQUM,CHN
ATIGUG,2.7849,O=CC1=C2N(CCCc3ccccc23)c2ccccc12,ATIGUG,CHON
ATOBOA,4.2695,c1ccc(cc1)C(N1C=CC=N1)(N1C=CC=N1)c1ccccc1,ATOBOA,CHN
ATOBUG,4.0956,CC1=NN(C(=C1)C)C(N1N=C(C)C=C1C)(c1ccccc1)c1ccccc1,ATOBUG,CHN
ATOXOW,3.6426,CC(=O)OC1CC2C(=CCC3C(C)(C)CCC(OC(C)=O)C23C)C2OC(=O)C(=C)C12,ATOXOW,CHO
ATUJOP,2.3128,CN(C)c1ccc2cc(C=O)ccc2c1c1c(ccc2cc(C=O)ccc12)N(C)C,ATUJOP,CHON
AVABOO,3.1516,COc1ccc(CNc2nc(nc3N(C=Nc23)C(C)C)N2CCCCCC2)cc1,AVABOO,CHON
AVAHAH,3.6064,CC(C)(C)OC(=O)C1(C=C1c1ccccc1)C#N,AVAHAH,CHON
AVEREY,3.5715,CCOC(=O)CCCCOc1c2Cc3cccc(Cc4cccc(Cc5cccc(Cc1ccc2)c5O)c4OCCOC)c3O,AVEREY,CHO
AVERIC,4.0882,CC(=O)OCCCCOc1c2Cc3cccc4Cc5cccc(Cc6cccc(Cc1ccc2)c6OCCOCCOCCOCCOCCOc34)c5OCCCCOC(C)=O,AVERIC,CHO
AVICAK,1.5386,N1C2=C(c3ccccc3)C3=NC(=C(C4=CC=C(N4)C4=C5N=C(C(OC(c6ccccc6)c6ccccc6)OC5c5ccccc45)C(=C1C=C2)c1ccccc1)c1ccccc1)C=C3,AVICAK,CHON
AVIYAG,3.2209,COC(=O)C1C(c2c(OC)cc(OC)cc2OC)C2(C)CCCCC2(O)C1=O,AVIYAG,CHO
AVUZEW,1.7872,Cc1cc(C)c(N=C2c3cccc4cccc(C2=Nc2c(C)cc(C)cc2C)c34)c(C)c1,AVUZEW,CHN
AWARUM,3.0811,C1CC(C2=CNc3ccccc23)C2=C(C1)OC(=C2)c1ccccc1,AWARUM,CHON
AWAVOK,4.3038,CC(C)(C)OC(=O)N1CCC(C=C)C1C(O)=O,AWAVOK,CHON
AWAWAX,4.4837,OCC(Cc1ccccc1)N1C(=O)C2CCCN2C1=O,AWAWAX,CHON
AWAZII,3.6847,CC1=CN(CCCC#C)C(=O)NC1=O,AWAZII,CHON
AWUGUV,2.5098,CC1(C)CC(=O)C2=C(C1)OC1=C(C2c2ccc(O)cc2)C(=O)CC(C)(C)C1,AWUGUV,CHO
AXATUP,1.9682,CCOC(=O)CN1C(=O)N(CC(=O)OCC)c2c1ccc1C(=O)c3ccccc3C(=O)c21,AXATUP,CHON
AXEDUC,1.6805,c1ccc(cc1)c1ccccc1N=C1c2cccc3cccc(C1=Nc1ccccc1c1ccccc1)c23,AXEDUC,CHN
AXEKOE,2.5089,COc1ccc(OC)c(c1CO)c1c(OC)ccc(c1OC)C1(O)C(=O)c2cc(C)cc(OC)c12,AXEKOE,CHO
AXEQEA,1.9979,COc1ccc(cc1)C1CC1c1cccc(c1)N(=O)=O,AXEQEA,CHON
AXIHIZ,0.0000,CC1(CCCCC(=O)O1)C(O)C#C,AXIHIZ,CHO
AXIWAG,1.9539,CC=C(OC(=O)C(C)C)C(C)C(OC(C)c1ccccc1)C(C)C(O)C(C)C(C)OC(=O)c1ccc(cc1)N(=O)=O,AXIWAG,CHON
AXOPUZ,3.8505,CC(=C)C(=O)N(C1CCCC1)c1ccccc1C(C)(C)C,AXOPUZ,CHON
AXOQAG,3.8235,CC(=C)C(=O)N(C1CCCCC1)c1ccccc1C(C)(C)C,AXOQAG,CHON
AXOQEK,3.8233,CC(=C)C(=O)N(C1CCCCC1)c1ccccc1C(C)(C)C,AXOQEK,CHON
AXOWAM,3.0598,CCOC(=O)N1CC(=Cc2ccccc2)N1C(=O)OCC,AXOWAM,CHON
AXUDED,4.0747,COC(=O)c1ccccc1,AXUDED,CHO
AXUQEQ,2.5368,COC(=O)C12CCC(C1C1CCC3C4(C)CC(=Cc5ccccc5)C(=O)C(C)(C)C4CCC3(C)C1(C)CC2)C(C)=C,AXUQEQ,CHO
AYASUP,1.7311,CC(=O)c1ccc2CCc3ccc(O)c1c23,AYASUP,CHO
AYOHEB,3.7273,COc1ccc(cc1)C#C,AYOHEB,CHO
AYONUY,4.4803,CC(C)(C)OC(=O)N1CCC(CC1)C(O)=O,AYONUY,CHON
AYOTEO,2.2453,C=CCCCc1c2ccccc2cc2ccccc12,AYOTEO,CH
AYOZUK,2.0092,COc1cc(OC)c(C=CC(=O)c2ccccc2O)cc1OC,AYOZUK,CHO
AYUCUT,2.1761,COCOc1ccc(C=CC(=O)c2c(O)cc(OC)c3CCC(C)(C)Oc23)cc1OCOC,AYUCUT,CHO
AYUPEQ,2.5145,COc1ccc(NC(C)=CC(=O)C2=C(O)N(N=C2C)c2ccccc2)cc1,AYUPEQ,CHON
AYUYOJ,2.1169,COc1cc(C=CC(=O)c2ccccn2)cc(OC)c1OC,AYUYOJ,CHON
AYUZEA,2.9156,COc1ccc(C2Nc3ccccc3C3=Nc4ccccc4N23)c(O)c1,AYUZEA,CHON
AYUZUQ,4.0316,CC(C)c1ccc(C)cc1OCC(=O)NNC(=O)COc1cc(C)ccc1C(C)C,AYUZUQ,CHON
AZABEJ,2.8059,CCOC(=O)C1=C(C)N(N=N1)c1ccc(cc1)N(=O)=O,AZABEJ,CHON
AZACUA,3.3486,OCCN=C1CCc2ccccc12,AZACUA,CHON
AZAGEO,2.3781,Nc1c(C#N)c(c2CCc3ccccc3c2c1C#N)c1ccc2OCOc2c1,AZAGEO,CHON
AZAJAN,2.5278,COc1ccc(cc1)c1c2CCc3ccccc3c2c(C#N)c(N)c1C#N,AZAJAN,CHON
AZIBIU,6.3610,C1CC2CC1CC2C1C2CCC(C2)C1C1CC2CCC1C2,AZIBIU,CH
AZIQOP,3.3241,Cc1ccc(cc1)N1C=NC(=C1C)N(=O)=O,AZIQOP,CHON
AZIQUV,3.2880,COc1ccc(cc1)N1C=NC(=C1C)N(=O)=O,AZIQUV,CHON
AZOMIM,2.4633,O=C(C=CC1=CN(N=C1)c1ccccc1)c1cccc2ccccc12,AZOMIM,CHON
AZOQUC,2.2747,CCOC(=O)C(=NNc1ccccc1OC)C(C)=O,AZOQUC,CHON
AZUFOR,3.1710,CC1=NN(c2ccccc2)C(=C1C=O)Oc1ccccc1,AZUFOR,CHON
AZUNOZ,2.9812,CC(C)=NN=C(C)CC1(O)c2ccccc2N2C(=O)c3ccccc3N=C12,AZUNOZ,CHON
AZUPER,3.4446,CC=C(C)C(=O)OC1C(CCC2(C)CCCC(C)(O)C12)C(=C)C(O)=O,AZUPER,CHO
BACQON,4.5068,CCCNC(=O)C(NC(=O)C1CCCN1)C(C)C,BACQON,CHON
BADJIB,3.0496,CC(=O)OC1CC(C(OC(C)=O)C(OC(C)=O)C1OC(C)=O)N1C(=O)c2ccccc2C1=O,BADJIB,CHON
BADJOH,2.9780,CC(=O)OC1CC(C(OC(C)=O)C(OC(C)=O)C1OC(C)=O)N1C(=O)c2ccccc2C1=O,BADJOH,CHON
BADKAU,2.7759,OC1CC(C(O)C2OC12)N1C(=O)c2ccccc2C1=O,BADKAU,CHON
BADKEY,2.7212,CC(=O)OC1CC(C=CC1OC(C)=O)N1C(=O)c2ccccc2C1=O,BADKEY,CHON
BADKIC,1.6599,O=C1N(C2CC3OOC2C=C3)C(=O)c2ccccc12,BADKIC,CHON
BADKOI,1.7788,O=C1N(C2CC3OOC2C=C3)C(=O)c2ccccc12,BADKOI,CHON
BADMEA,2.7684,c1ccc(cc1)C=C=C1c2ccccc2C=Cc2ccccc12,BADMEA,CH
BAFDET,2.3803,COC(=O)c1nnc(C=C(O)c2ccccc2)c(c2ccccc2)c1C(=O)c1ccccc1,BAFDET,CHON
BAJYIV,2.2796,CC(Nc1cccnc1N)=CC(=O)c1ccccc1,BAJYIV,CHON
BAPBUQ03,3.4235,O=C1N(C=Nc2ccccc12)c1ccccc1,BAPBUQ03,CHON
BASRUJ,3.8541,CC12CC3C1C(=CC(=O)O2)OCCOC1=CC(=O)OC2(C)CC(C12)C(=O)OCCOC3=O,BASRUJ,CHO
BAXBIM,3.6156,CC(C)C1N(C(=O)OC1(c1ccccc1)c1ccccc1)C(=O)C=C,BAXBIM,CHON
BCBANN01,2.3940,O=C1C2=CC3=CC=CC=C(C=C1C=CC=C2)C3=O,BCBANN01,CHO
BEFQOT,3.1416,CC1CC2CC(=O)C34CCC(O3)N(O)CCCC24C(=O)C1,BEFQOT,CHON
BENTIY,4.5005,COC(=O)C1CC2OC(C)(C)OCC2N1C(=O)OCc1ccccc1,BENTIY,CHON
BERXIG,2.9524,C(Oc1cc(cc(c1)c1cc(nc(c1)c1ccccn1)c1ccccn1)c1cc(nc(c1)c1ccccn1)c1ccccn1)c1ccccc1,BERXIG,CHON
BEWLAR,3.1750,CC1(c2ccccc2)C2=Cc3ccccc3N2C2(Cc3ccccc3N2)C1(C)c1ccccc1,BEWLAR,CHN
BEWTON,2.8045,CC(C)(C)C1COC(=O)N1c1cccc(C=O)n1,BEWTON,CHON
BEXNUO,3.7711,CC12CCC(NC1=O)(NC2=O)c1ccccc1,BEXNUO,CHON
BEXPAW,4.5015,CC12CCC(Cc3ccccc3)(C(=O)N1)C(=O)N2,BEXPAW,CHON
BEXYAF,2.9792,N#CC1=C2CCCN2CCc2cc3OCOc3cc12,BEXYAF,CHON
BILWUP,3.6101,CC(=O)OC1CC2C(C)(C)OC(=O)C=CC2(C)C2C(=O)CC3(C)C(OC(=O)C4OC34C12C)C1=COC=C1,BILWUP,CHO
BILXAW,3.5806,CC1(C)OC(=O)C=CC2(C)C1CC(O)C1(C)C2C(=O)CC2(C)C(OC(=O)C3OC123)C1=COC=C1,BILXAW,CHO
BINAPH11,3.2348,c1ccc2c(c1)cccc2c1cccc2ccccc12,BINAPH11,CH
BIVKAT,5.1770,CCOC(=O)CC(O)C1C2CCC3C2C(C)(C)CCCC13C,BIVKAT,CHO
BIXGUL,1.9176,CC(C)N(C(=O)c1ccc(cc1)C(=O)N(C(C)C)C(=O)c1c2ccccc2cc2ccccc12)C(=O)c1c2ccccc2cc2ccccc12,BIXGUL,CHON
BIXPII,3.3342,OC1C2CCCC1(CCN2CCc1ccccc1)c1cccc(O)c1,BIXPII,CHON
BIXPOO,3.5781,CC1C2CCCC1(CCN2CCc1ccccc1)c1cccc(O)c1,BIXPOO,CHON
BIXSEH,4.0034,COC(=O)C12CCCC3(C(O)OC1)C1CC4=C(C=CO4)C(C)C1CCC23,BIXSEH,CHO
BIZHIB02,5.1442,OCC(O)C(O)C(OC1OC(CO)C(O)C(O)C1O)C(O)CO,BIZHIB02,CHO
BOBMUB,3.4011,CC1C2N(OC31C(=O)N(C)c1ccccc31)C(COC2=O)c1ccccc1,BOBMUB,CHON
BOCWEW,2.8255,c1ccc(cc1)C1=Cc2ccccc2C1C1c2ccccc2C=C1c1ccccc1,BOCWEW,CH
BOGMAM,1.2721,CC(C)(C)C1=C2N3CCN(CC3)C2=C(C(=O)C1=O)C(C)(C)C,BOGMAM,CHON
BOGMIU,1.2224,CC(C)(C)C1=CC(=C(C(=O)C1=O)C(C)(C)C)N1CCN(CC1)C1=C(C(=O)C(=O)C(=C1)C(C)(C)C)C(C)(C)C,BOGMIU,CHON
BOGTEX,2.5900,CC1(C)CC(=O)c2ccc3c(Nc4ccccc34)c2O1,BOGTEX,CHON
BOGTIB,2.6118,Cc1ccc2c(Nc3c4OC(C)(C)CC(=O)c4ccc23)c1,BOGTIB,CHON
BOGTOH,2.5801,Cc1cccc2c1Nc1c3OC(C)(C)CC(=O)c3ccc21,BOGTOH,CHON
BOLGOZ,0.0000,O=C([O-])CC[NH2+]Cc1ccccc1,BOLGOZ,CHON
BORTAE,4.3688,CC1=C(C)N(C=N1)C(NC1CCCCC1)=NC1CCCCC1,BORTAE,CHN
BORTUY,3.1384,Cc1ccc(NC(=Nc2ccc(C)cc2)N2C(=NC(=C2C)C)C)cc1,BORTUY,CHN
BORVAG01,4.2450,CC1=NC(=C(C)N1C(NC1CCCCC1)=NC1CCCCC1)C,BORVAG01,CHN
BORVIO,3.9011,C1CCC(CC1)NC(=NC1CCCCC1)N1C=Nc2ccccc12,BORVIO,CHN
BORVOU,4.1147,CC(C)NC(=NC(C)C)N1C(=Nc2ccccc12)C,BORVOU,CHN
BORVUA,3.1349,Cc1ccc(NC(=Nc2ccc(C)cc2)N2C(=Nc3ccccc23)C)cc1,BORVUA,CHN
BORWAH,4.0384,CC1=Nc2ccccc2N1C(NC1CCCCC1)=NC1CCCCC1,BORWAH,CHN
BORWOV,2.6673,Cc1ccc(NC2=NC3=Nc4cc(C)c(C)cc4N3C(=Nc3ccc(C)cc3)N2c2ccc(C)cc2)cc1,BORWOV,CHN
BORWUB,4.3522,C1CCC(CC1)NC(=NC1CCCCC1)N1C=CN=C1,BORWUB,CHN
BORZUE,2.8494,COc1cc2ccccc2c2ON(C(c3ccccc3)c12)C(C)(C)C,BORZUE,CHON
BOSDAP,1.8692,OCCNC1=CC(=O)c2ccccc2C1=O,BOSDAP,CHON
BOTJIE,3.8443,CN(C)Cc1cc(C)cc(C2CC3CCC2(C)C3(C)C)c1O,BOTJIE,CHON
BOVXOA,1.8288,CC1CCC(C(C)C)C2(C1)OCC(COC(=O)c1cc(cc(c1)N(=O)=O)N(=O)=O)O2,BOVXOA,CHON
BOVYIV,4.0919,CN(N)c1cc(nc(C)n1)N(C)N,BOVYIV,CHN
BOWYOC,2.3959,CN1C=NC(=C1N1CCN(CC1)c1ncccn1)N(=O)=O,BOWYOC,CHON
BOWYUI,2.7574,C1CN(CCN1c1ncccn1)c1nc(nc2ccccc12)c1ccccc1,BOWYUI,CHN
BOYTIT,2.2181,CCCCCCCCOc1ccc(cc1)C(=O)Oc1ccc(OC(=O)c2ccc(NN=N([O])c3ccccc3)cc2)cc1,BOYTIT,CHON
BOZGIH,3.1451,CN1N=CC(=C1C(O)=O)N(=O)=O,BOZGIH,CHON
BOZZUM,2.6348,CCOC1CC(CO1)=Cc1ccc(NC(=O)NC(C)c2cccc3ccccc23)cc1,BOZZUM,CHON
BUBXOM,3.5444,CCCCCC(C=C)C(O)(C=Cc1ccccc1)c1ccccc1,BUBXOM,CHO
BUCTOJ,1.2503,Cc1ccc(cc1)C1=C2C=CC(=N2)C2=CC(=C(N2)C(O)(c2ccc(C)cc2)C2=NC(=C(C3=CC=C1N3)c1ccc(C)cc1)C=C2)N(=O)=O,BUCTOJ,CHON
BUDQIB,2.7432,CCOC(=O)C1=C(C)NC(=C(C1c1ccc(C)cc1)C(=O)OCC)C,BUDQIB,CHON
BUDRIC,2.0668,CCOC(=O)C(=Cc1cc(O)c(O)c(c1)N(=O)=O)C#N,BUDRIC,CHON
BUDXOO,2.2039,O=C(C=Cc1ccccc1)c1ccc(cc1)N(=O)=O,BUDXOO,CHON
BUDZUW,4.5767,NC(=O)NCCCc1ccccc1,BUDZUW,CHON
BUFNAS,3.2331,Cc1ccc2N3CN4CN(CN(C3)c3cc(C)ccc43)c2c1,BUFNAS,CHN
BUJYEL,4.9799,CC1C=CC2COC(=O)C2C1C(O)=O,BUJYEL,CHO
BULKID,3.9780,COCCN(C)Cc1cc(cc(c1O)C(C)(C)C)C(C)(C)C,BULKID,CHON
BUQWOZ01,0.1133,CC(C)(C)N([O])c1ccc(cc1)C(c1ccc(cc1)N([O])C(C)(C)C)=C1C2CC3CC(C2)CC1C3,BUQWOZ01,CHON
BURPUA,1.0183,CC(C)(C)C1=CC(=CC=C2C=C(C(=O)C(=C2C(C)(C)C)O)C(C)(C)C)C(=C(O)C1=O)C(C)(C)C,BURPUA,CHO
BUSJOP,3.1761,OC(CN1CC2CC(C1)C1=CC=CC(=O)N1C2)c1ccccc1,BUSJOP,CHON
BUSSIS,3.5546,CC(=O)OC1CCCCC1N(=O)=O,BUSSIS,CHON
BUWSAO,3.7582,O=C1CCCC(C1)C(CC#C)(C#N)C#N,BUWSAO,CHON
BUXNOY,4.7045,CC(=O)OCC1CCC2(CCCOC2=O)C1(O)CCO,BUXNOY,CHO
BUXQIV,2.0924,COC(=O)C=C1CC(C=C(CC1=CC(=O)OC)OC)c1ccccc1,BUXQIV,CHO
CADNUR,4.0092,O=C1C2OC(OCc3ccccc3)C=CC2N1OCc1ccccc1,CADNUR,CHON
CAHGAV,4.0600,O=C1OC2(CCC3CCCCC1C23)c1ccccn1,CAHGAV,CHON
CAJCEX,2.7819,CC(CO)N=Cc1cc(c(C)cc1O)c1cccc2cccc(c3cc(C=NC(C)CO)c(O)cc3C)c12,CAJCEX,CHON
CAJCOH,0.0000,CCCCCCC(O)CCCCCCCCCCCNCCCCC,CAJCOH,CHON
CAJSOX,3.5591,CCN(N1C(C1c1ccccc1)c1ccccc1)C(=O)OC(C)(C)C,CAJSOX,CHON
CAKRIQ,5.0800,CC1(N)CC2(C)CC(C)(C1)NC(=O)N2,CAKRIQ,CHON
CAKWUH,2.9165,OC(C1CC2CCN1CC2C=C)c1cccc2ccccc12,CAKWUH,CHON
CALYIY,3.0330,CC(=O)c1c2CCCc3cc4CCCc1c1CCCc4cc3CCCc2c1,CALYIY,CHO
CEDRAF,3.0256,CCOC(=O)COc1ccc2C(=CC(=O)Oc2c1)C,CEDRAF,CHO
CEFHOL,4.0568,CC(C)(C)OC(=O)N1C(COC1(C)C)C(C#N)N(Cc1ccccc1)Cc1ccccc1,CEFHOL,CHON
CEJJOR,1.9308,COc1ccc(cc1)c1cc(c2CCN(C)c2n1)c1ncccn1,CEJJOR,CHON
CELKUA,3.2899,CC12CCC(=O)CC1CCC1C3CCC(C(O)=O)C3(C)CC(=O)C21,CELKUA,CHO
CEPNUH,3.7336,COc1ccc2CC(=O)N(Cc3ccccc3)c2c1,CEPNUH,CHON
CEQMAM,1.7015,N1C2=C3C=CC(=N3)C(=C3NC(=C(C4=CC=C(O4)C(=C1C=C2)c1ccccc1)c1ccccc1)C=C3)c1ccccc1,CEQMAM,CHON
CERNOD,3.0950,COC(=O)C1=C2N(C=Cc3ccccc23)C=C1,CERNOD,CHON
CEVMEW,3.0043,OC=C1C(=O)Cc2ccccc2c2ccccc12,CEVMEW,CHO
CEWDOY,4.4159,CC1(C)CC(CC(C)(CNC(=O)OCc2ccccc2)C1)NC(=O)OCc1ccccc1,CEWDOY,CHON
CEYGIX,4.2547,CC(NC1CCC=CCCC1O)c1ccccc1,CEYGIX,CHON
CEZPON,3.7514,CC(C(O)c1c(C)cc(C)cc1C)C(=O)C(C)(C)C,CEZPON,CHO
CIBWEQ,3.6966,OC1COCCCc2ccccc2C(=O)OCC(O)C(O)C1O,CIBWEQ,CHO
CICDEY,2.1480,COC(=O)C1CCCCNCc2c3ccccc3c(CNCCCCC(NCc3c4ccccc4c(CN1)c1ccccc31)C(=O)OC)c1ccccc21,CICDEY,CHON
CICMAD,2.2335,Oc1ccc(cc1C=NNc1ccccc1)N(=O)=O,CICMAD,CHON
CICRIQ,3.7781,COC(=O)C12CCC(C1C1CCC3C(C)(CCC#N)C(CCC3(C)C1(C)CC2)C(C)=O)C(C)=O,CICRIQ,CHON
CIFLOT,3.2358,COc1ccc(C=CC2CN(C(=O)N2C(C)(C)C)C(C)(C)C)cc1,CIFLOT,CHON
CIKVIC,4.1736,COC(=O)C12COC(N1C(=O)C(CC=C)C2(C)O)C(C)(C)C,CIKVIC,CHON
CILZUS01,2.5762,COc1cc2Cc3cc(OC)c(OC)cc3C(=O)c3cc(OC)c(OC)cc3Cc2cc1OC,CILZUS01,CHO
CISKOF,4.7805,CC1C2CCC(=CC(O)CC3(C)OC3C2OC1=O)C,CISKOF,CHO
CITNIN03,2.6606,CC1OC=C2C(=C(C(O)=O)C(=O)C(=C2C1C)C)O,CITNIN03,CHO
CITPIF,1.9953,CCC1=C(C)C(OC1=O)=CC1=C(C)C(=C(N1)C(=O)OC(C)(C)C)CCC(=O)OC,CITPIF,CHON
CIVZUD,2.5151,CC(C)(C)c1cc(Cc2ccccn2)c(O)c(c1)C(C)(C)C,CIVZUD,CHON
CIWMOL,3.1531,O=C(OCc1ccccc1)N1C=NC(=N1)N(=O)=O,CIWMOL,CHON
CIXJUP,2.0582,N#CC12C3=CC=C4C=CC=C(C=CC1=CC=C3)C24C#N,CIXJUP,CHN
CIXZOZ,3.4017,CN1CC2(CO)OC(C(O1)C2O)N1C=C(C)C(=O)NC1=O,CIXZOZ,CHON
CIYDUK,4.4509,C1CC#CCCOCc2ccc(COCCC#CCCOCc3ccc(CO1)cc3)cc2,CIYDUK,CHO
CIYFAS,4.4564,C1CC#CCCOCc2cccc(CO1)c2,CIYFAS,CHO
CIZCOE,0.9508,CCCCCC#Cc1c2cc3ccccc3cc2c(C#CCCCCC)c2cc3ccccc3cc12,CIZCOE,CH
CIZQAE,1.6968,CCOC(=O)C1=C(C)N(C=CC1c1ccccc1N(=O)=O)c1ccccc1,CIZQAE,CHON
CIZQUY,2.3318,COc1ccc(cc1)c1nc(c(OC)nc1c1ccc2ccccc2c1)c1ccc(C)c(C)c1,CIZQUY,CHON
CIZZIV,2.9089,O=C1CCC2(CCCC32CCCC3)C2=C1CCC12CCCC1,CIZZIV,CHO
CIZZUH,1.8770,O=C1CCC2(CCCC32CCCC3)C21C(CCC12CCCC1)OC(=O)c1ccc(cc1)N(=O)=O,CIZZUH,CHON
COBPUF,2.7243,CN1c2ccccc2N(C)C1=C=C1N(C)c2ccccc2N1C,COBPUF,CHN
COBQIU,2.4878,CCOC(=O)C=C1C=CC=CN1C,COBQIU,CHON
COJFIR,4.5095,CNC(=O)C(CC(C)C)NC(=O)CNC(=O)C1CCCCC1C(=O)NC(C(C)C)C(=O)NC,COJFIR,CHON
COJGAK,3.9810,O=C1OCCN1C1=C(N=NN1Cc1ccccc1)c1ccccc1,COJGAK,CHON
COSLUS,2.6465,O=C1OC(=NC2CCCCC2)C2=C1C1(CCCCCC1)C(=NC1CCCCC1)C(O2)=NC1CCCCC1,COSLUS,CHON
COTJOL,2.8794,COc1ccc2C(=O)C(=COc2c1)c1ccc(OCc2ccccc2)cc1OCc1ccccc1,COTJOL,CHO
COTJUR,2.4009,COc1ccc(c(O)c1)C(=O)C=Cc1ccc(OCc2ccccc2)cc1OCc1ccccc1,COTJUR,CHO
COZLAF,2.3325,CCCCCCCCCCCCCCOc1ccc(cc1)N=N([O])c1ccc(OCCCCCCCCCCCCCC)cc1,COZLAF,CHON
CTMTNA03,3.9496,O=N(=O)N1CN(CN(C1)N(=O)=O)N(=O)=O,CTMTNA03,CHON
CUBNOD,2.8042,O=Cc1cc2CCCN3CCCc(c1)c23,CUBNOD,CHON
CUBNUJ,2.2909,O=CC=Cc1cc2CCCN3CCCc(c1)c23,CUBNUJ,CHON
CUCBIM,3.6240,CC(C)(C)C1ON(C2CCCCC2)C2C1CN1c3ccccc3N=C21,CUCBIM,CHON
CUCBOS,3.8286,C1CCC(CC1)N1OCC2CN3C(=Nc4ccccc34)C12,CUCBOS,CHON
CUCBUY,3.7070,C1CCC(CC1)N1OC2CC1C1=Nc3ccccc3N1C2,CUCBUY,CHON
CUCCAF,2.6214,CC(C)(C)C#CCN1C(=Nc2ccccc12)C=[N+]([O-])C1CCCCC1,CUCCAF,CHON
CUCCEJ,3.3635,CC12CC(N(O1)C1CCCCC1)C1=Nc3ccccc3N1C2,CUCCEJ,CHON
CUCVAY,2.6007,CC(C)c1cc2C(=O)C(=C3C(C)(C)CCCC3(C)c2c(O)c1O)O,CUCVAY,CHO
CUCVAY01,2.6005,CC(C)c1cc2C(=O)C(=C3C(C)(C)CCCC3(C)c2c(O)c1O)O,CUCVAY01,CHO
CUFSAY,4.5369,CC1(C)C2(C)CCC1(OC2=O)C(=O)OCC1CCCCO1,CUFSAY,CHO
CUFYIL01,6.0031,CC1(C)OCC(O1)C1OC(O)C2OC(C)(C)OC12,CUFYIL01,CHO
CUGBEM,1.6744,CC(C)[N+]1=NOC(=C1C=C(C#N)C#N)[N-]C(=O)c1ccccc1,CUGBEM,CHON
CUGCEN,3.5704,C1CCC(CC1)(OOC1(CCCCC1)N1CCOCC1)N1CCOCC1,CUGCEN,CHON
CUKDUI,2.4635,CC1(C)OC2(Oc3c(ccc(O)c3C=O)C=C2)c2ccccc12,CUKDUI,CHO
CUKREG,4.4072,CC(=O)N(CC=C)CC(O)(CO)CO,CUKREG,CHON
CUKRIK,4.6462,CC(=O)N(CC#C)CC(O)(CO)CO,CUKRIK,CHON
CUMLEC,2.2090,CC(C)=CCC12OC(C)(C)C3CC(C=C4C(=O)c5ccccc5OC134)C2=O,CUMLEC,CHO
CUMLIG,2.6798,CC(C)=CCC12OC(C)(C)C3CC(C=C4C(=O)OC(C)(C)OC134)C2=O,CUMLIG,CHO
CUMLOM,2.6803,CC(C)=CCC12OC(C)(C)C3CC4(OC(C)(C)OC(=O)C4=CC13)C2=O,CUMLOM,CHO
CUMMED,2.2860,CC(C)=CCC12OC(C)(C)C3CC(C(C4C(=O)c5ccccc5OC134)N1CCCCC1)C2=O,CUMMED,CHON
CUMPIK,3.1847,COc1cc(OCCCCCOc2cc(OC)cc(c2)C(O)=O)cc(c1)C(O)=O,CUMPIK,CHO
CUMPOQ,3.2020,OC(=O)c1cc(OCCCCCOc2cc(OCc3ccccc3)cc(c2)C(O)=O)cc(OCc2ccccc2)c1,CUMPOQ,CHO
CUMYUF,3.0907,CC(=O)CC(C(=O)NC(C)(C)C)=C1CCC(=O)N1,CUMYUF,CHON
CUNKOM,2.3037,Cc1ccccc1Nc1ncccc1C(O)=O,CUNKOM,CHON
CUQJOO,4.5338,CC1CCC2(O)C=CC(O)CC2O1,CUQJOO,CHO
CURDUP,3.6154,O=C(NCc1ccccc1)C1C2CCCC2CN1C(=O)c1ccccc1,CURDUP,CHON
CURMIM,1.5611,CC1OC2CC(C)(Nc3c2ccc2C(=O)C4=C(C=Cc5cc(C)ccc45)C(=O)c32)C1O,CURMIM,CHON
CUTCUQ01,2.4924,CN1c2ccccc2C(C)(C)C21Oc1ccc3ccccc3c1C=C2,CUTCUQ01,CHON
CUVLUB,3.0902,c1ccc(nc1)C1=NN=C(N1c1ccncc1)c1ccccn1,CUVLUB,CHN
CUXSIY,2.1203,CC(=O)N1C(Cc2ccccc2)C(=O)NC(=CC2=CN(C(=O)OC(C)(C)C)c3cccc(c23)N(=O)=O)C1=O,CUXSIY,CHON
DABCOA,3.1379,N#Cc1ccc(CN2C=CC(=N2)c2ccccn2)cc1,DABCOA,CHN
DABCUG,2.7599,N#Cc1ccc(CN2C=CC(=N2)c2ccccn2)c2ccccc12,DABCUG,CHN
DABKOI,2.5000,CC1=CC(=O)N2C(=[N+](N=C2[N-]1)c1ccccc1)N,DABKOI,CHON
DABPED,3.1536,COc1cccc(c1)C(=O)N1CCCN(C1=C)C(=O)c1cccc(OC)c1,DABPED,CHON
DABZIR,3.1727,COC(=O)C(N1C(C(=O)NC(C)(C)C)c2ccccc2c2ccccc2C1=O)c1ccccc1,DABZIR,CHON
DACVIO,4.3522,CCOC(=O)C1C(NC(=O)OCc2ccccc2)C(=CC(C(C)C)C1C(=O)OCC)C(C)C,DACVIO,CHON
DACVOU,4.7968,CCOC(=O)C1C(NC(=O)OCc2ccccc2)C(=CC(C(C)C)C1C(=O)OCC)C(C)C,DACVOU,CHON
DACVUA,3.6949,COC(=O)c1c(NC(C)=O)c(cc(C(C)C)c1C(=O)OC)C(C)C,DACVUA,CHON
DACWAH,3.2807,COC(=O)c1c(NC(=O)c2ccccc2)c(cc(C(C)C)c1C(=O)OC)c1ccccc1,DACWAH,CHON
DACWEL,3.6264,CN1C(=O)C2CC=C(C)C(NC(C)=O)C2C1=O,DACWEL,CHON
DAFKUR,2.4225,CC1(C)Cc2ccc(CC(C)(C)C(=O)C(O)(O)C(=O)C(=O)C(C)(C)Cc3ccc(CC(C)(C)C(=O)C(O)(O)C(=O)C1=O)cc3)cc2,DAFKUR,CHO
DAFLIH,2.3935,CCOC(=O)C1=Cc2cc(OC)c(OC)cc2c2cc(OC)c(OC)cc2C1,DAFLIH,CHO
DAGCIZ,3.3704,C1CCC(N=Cc2ccccn2)C(C1)N=Cc1ccccn1,DAGCIZ,CHN
DAGNEG,3.6799,CCOC(=O)CC(=O)CC(O)(c1ccccc1)c1ccccc1,DAGNEG,CHO
DAJDUP,2.1471,C1CCc2nc(ccc2C1)N=C1NC(=Nc2ccc3CCCCc3n2)c2ccccc12,DAJDUP,CHN
DAJLAD,3.2538,COc1ccc(cc1)C1C(C)C(Nc2ccccc12)c1ccccc1,DAJLAD,CHON
DAKCIC,2.5403,CCOC(=O)C1=Nc2ccc(cc2N1O)N(=O)=O,DAKCIC,CHON
DAKNIN,2.7069,CC1CCC(C(C)C)C(C1)OC(=O)OCC1CC1C1CC1COC(=O)c1cc(cc(c1)N(=O)=O)N(=O)=O,DAKNIN,CHON
DAKYIY,3.2453,COc1ccc(CC2(O)N(C)C(=O)c3ccccc23)cc1,DAKYIY,CHON
DALLAD,4.8518,CC1CC(O)C2(O)C(C)(CO)C(C)(O)C3CC12CC(=O)O3,DALLAD,CHO
DALTUG,2.0096,ON=C1c2c3ccccc3ccc2c2ccc3ccccc3c12,DALTUG,CHON
DAMPEO,2.2698,Cc1ccc(Nc2ncccc2C(O)=O)cc1,DAMPEO,CHON
DANFUV,2.6659,CON1C(=O)c2ccccc2C1=CC(=O)NC(C)C,DANFUV,CHON
DATCEH,3.7034,COc1ccc2CC3C4C=CC(OC(C)=O)C5Oc1c2C45CCN3C,DATCEH,CHON
DAYFAL,5.2916,COC1OC(CO)C(OC2OC(CO)C(O)C(O)C2O)C(O)C1O,DAYFAL,CHO
DAYLOF,3.2064,CN(C)C(=O)N(C(=O)c1ccccc1)C(=O)c1ccccc1,DAYLOF,CHON
DAZGEQ01,4.4770,COC(=O)C1COC(=O)CCC=CCCC(=O)N1,DAZGEQ01,CHON
DAZWEH,3.8238,COC12CCC3(C)C(CCC45CC(CCC34)C(O)(CO)C5)C1=CC(=O)O2,DAZWEH,CHO
DAZWIL,3.7593,COC1(CO)CC23CCC4C5=CC(=O)OC5CCC4(C)C2CCC1C3,DAZWIL,CHO
DEBHEX01,3.0307,CNC(=O)C(NC(C)=O)=Cc1ccccc1,DEBHEX01,CHON
DEDNEF01,4.8399,CC1(C)OC(=O)CC(=O)O1,DEDNEF01,CHO
DEFQIP,2.1991,CCOC(=O)C1=CN=C(C(=O)N1)c1ccccc1,DEFQIP,CHON
DEFQIP01,2.1990,CCOC(=O)C1=CN=C(C(=O)N1)c1ccccc1,DEFQIP01,CHON
DEFZIY01,2.2586,COc1cc(C=CC(=O)c2ccccc2)cc(OC)c1OC,DEFZIY01,CHO
DEGLAD,4.0406,COc1ccc2CCC3C(C)(CCCC3(C)c2c1)C(=O)N1CCCC1,DEGLAD,CHON
DEKYEX01,5.2505,OCC1OC(OC2OC(CO)C(O)C(O)C2O)C(O)C(O)C1O,DEKYEX01,CHO
DEKYIC01,2.9952,COc1cc(O)c(cc1N(=O)=O)C(C)=O,DEKYIC01,CHON
DELCUT,2.5347,O=C1c2ccccc2C2OC31CCOCC3=C2,DELCUT,CHO
DELSUJ,3.7609,O=C(NCc1ccccn1)C(c1ccccc1)(c1ccccc1)c1ccccc1,DELSUJ,CHON
DELVEW,3.2377,COc1ccc(CN2C=C(C=O)c3ccccc23)cc1,DELVEW,CHON
DENSOL01,3.7500,CC=C(c1ccc(O)cc1)C(=CC)c1ccc(O)cc1,DENSOL01,CHO
DETLIY,1.8925,COc1ccc(cc1)N=Nc1ccc(cc1)C(C1=CC=CN1)C1=CC=CN1,DETLIY,CHON
DEVCOW03,4.9093,CC1(CC(C)(CC(C)(C1)C(O)=O)C(O)=O)C(O)=O,DEVCOW03,CHO
DEVJEU,3.7913,COc1ccccc1C1CC(=NCCNC(CC(=NCCN1)C)c1ccccc1OC)C,DEVJEU,CHON
DEVQIF,0.0000,CCC(=O)C(C)(C)C(O)C(C)C#C,DEVQIF,CHO
DEVWOR,2.5434,O=C1NCCc2ccc3c(cccc3N(=O)=O)c12,DEVWOR,CHON
DEVWUX,2.7250,O=C1NCCc2ccc3cccc(c3c12)N(=O)=O,DEVWUX,CHON
DEZTAE,3.9889,CC(C(O)CC=CC(=O)OC(C)(C)C)C1OC(C)(C)OC1c1ccccc1,DEZTAE,CHO
DIBMEH,5.1022,CC(C)NC(C)=N,DIBMEH,CHN
DIDGAZ,3.8716,CC(Cc1ccccc1)C(=O)N(Cc1ccccc1)C(C)C(O)c1ccccc1,DIDGAZ,CHON
DIDMAF,3.5920,CC(C)(C)c1ccc(cc1)c1ccccc1c1ccc(cc1)C(C)(C)C,DIDMAF,CH
DIDMUZ,3.2946,COc1cc(OC)cc(c1)c1ccccc1c1cc(OC)cc(OC)c1,DIDMUZ,CHO
DIDNAG,2.7650,COc1cc(OC)c2c(c1)c1ccccc1c1cc(OC)cc(OC)c21,DIDNAG,CHO
DIDNIO,3.0783,COc1ccccc1c1ccccc1c1cc(ccc1OC)c1ccc(OC)c(c1)c1ccccc1c1ccccc1OC,DIDNIO,CHO
DIDNOU,2.6756,O=N(=O)c1ccccc1c1ccccc1c1ccccc1N(=O)=O,DIDNOU,CHON
DIDNUA,2.7817,O=N(=O)c1cccc(c1)c1ccccc1c1cccc(c1)N(=O)=O,DIDNUA,CHON
DIDPIQ,3.6434,CN(C(=O)N(C)c1cccc(c1)N(C)C(=O)N(C)c1ccccc1)c1ccccc1,DIDPIQ,CHON
DIDPOW,3.7185,CC(C)c1ccccc1N(C)C(=O)N(C)c1cccc(c1)N(C)C(=O)N(C)c1ccccc1C(C)C,DIDPOW,CHON
DIDQAJ,3.5961,CC(C)c1cccc(c1)N(C)C(=O)N(C)c1cccc(c1)N(C)C(=O)N(C)c1cccc(c1)C(C)C,DIDQAJ,CHON
DIDQEN,3.5631,CCc1cccc(c1)N(C)C(=O)N(C)c1cccc(c1)N(C)C(=O)N(C)c1cccc(CC)c1,DIDQEN,CHON
DIGDIG01,4.3190,OC(=O)CC[NH+](CCC(O)=O)CCC(=O)[O-],DIGDIG01,CHON
DIGRER,5.5952,CC1CCC2C3CC4CCC(OC(C)(C)C)C4(C)CC3CCC2(O)O1,DIGRER,CHO
DIHDOO,1.6013,CCOC(=O)CN1C(=O)C2=C(N(CC(=O)OCC)C(=O)C2=C1c1ccccc1)c1ccccc1,DIHDOO,CHON
DIHNIS,0.9696,CCC1=C(CC)C2=CC3=NC(=C(c4ccccc4)c4cc(ccn4)C(=C4C=CC(=N4)C=C1N2)c1ccccc1)C=C3,DIHNIS,CHN
DILJOY,3.3617,CC(=O)Nc1ccc(cc1)C(C1=CC=CN1)C1=CC=CN1,DILJOY,CHON
DISKUM,2.9791,CC(C)C1=NN2C=CC=CC2=C1c1ccccn1,DISKUM,CHN
DISLAT,2.6208,CC(C)C1=NN2C=CC=CC2=C1C1=NN(Cc2ccccc2)C(=O)CC1,DISLAT,CHON
DISLEX,2.3438,CC(C)C1=NN2C=CC=CC2=C1C1=NN(Cc2ccccc2)C(=O)C=C1,DISLEX,CHON
DISLOH,2.9500,CCCOc1c2Cc3cc4OCc5ccccc5c4c(Cc4cccc(Cc5cc6OCc7ccccc7c6c(Cc1ccc2)c5OCCC)c4OCCC)c3OCCC,DISLOH,CHO
DIVGAR,2.1343,CN(C)c1ccc(cc1)C1=C2C=C(c3ccccc3)C3(CC2CO1)C(=O)Oc1ccccc31,DIVGAR,CHON
DIWHIB,3.5672,O=C(OCC(N(=O)=O)(N(=O)=O)N(=O)=O)OCC(N(=O)=O)(N(=O)=O)N(=O)=O,DIWHIB,CHON
DIWHUN,3.9364,O=C1CCCCCCCCCCCCCC1,DIWHUN,CHO
DIXRIL01,2.8595,O=C1Cc2cc3CC(=O)Cc4cc(C1)cc(CC(=O)Cc(c2)c3)c4,DIXRIL01,CHO
DIYNEF,3.6638,COc1cccc(OC)c1CN1C(=O)C2(C)CC(C)(CC(C)(C2)C1=O)C(O)=O,DIYNEF,CHON
DLASPA03,4.2921,[NH3+]C(CC(O)=O)C(=O)[O-],DLASPA03,CHON
DNBZPY02,2.6843,O=N(=O)c1ccc(Cc2ccccn2)c(c1)N(=O)=O,DNBZPY02,CHON
DOCCOO,4.0626,COc1ccc(CN2C(O)C(O)CCC2=O)cc1,DOCCOO,CHON
DOKLUL,2.8298,CC(=O)OC1CC(OC(=O)c2ccc(cc2)N(=O)=O)C(OC(=O)c2ccc(cc2)N(=O)=O)C(OC(C)=O)C1OC(C)=O,DOKLUL,CHON
DOKPEZ,1.9471,COC(=O)C1=NN(C2CC2)C2(C(=O)OC)C(=C(C(=O)OC)C(=C(C(=O)OC)C12C(=O)OC)C(=O)OC)C(=O)OC,DOKPEZ,CHON
DOKQEA,3.5907,C(CCN1N=NC(=N1)c1ccccn1)CN1C=NN=N1,DOKQEA,CHN
DONYOV,3.0042,CC(C)(C)c1cc(N2C=CC=N2)c(N)c(c1)N1C=CC=N1,DONYOV,CHN
DORLAY,3.9890,COc1ccc2CC3CC(C)(C(=O)N3C)c2c1,DORLAY,CHON
DORYUF,1.7182,O=C(OCC1C2CC(C=CC=C2)C1=Cc1ccccc1)c1ccc(cc1)N(=O)=O,DORYUF,CHON
DOSCEU,2.8591,CC1=CC(=O)C(CC1)C1CCC(=CC1=O)C,DOSCEU,CHO
DOSDOF,2.9933,CC(=C)C1CC=C(C)C(=O)C1C1CCCCC1=O,DOSDOF,CHO
DOSDUL,2.8926,CC(=C)C1CC=C(C)C(=O)C1C1CCc2ccccc2C1=O,DOSDUL,CHO
DOTKAZ,2.3971,Cc1cccc(C)c1N=C(c1cccc(n1)C(=Nc1c(C)cccc1C)C(C)(C)C)C(C)(C)C,DOTKAZ,CHN
DOVDUO,2.3495,COC(=O)c1cc(cc(c1)c1ccc(C=Cc2ccc(cc2)c2cc(cc(c2)C(=O)OC)C(=O)OC)cc1)C(=O)OC,DOVDUO,CHO
DOWJAB,2.5153,CC(NC(C)=O)c1ccccc1N(=O)=O,DOWJAB,CHON
DOXANN01,2.8053,COc1ccc(CC(=O)c2ccc(OC)cc2)cc1,DOXANN01,CHO
DOXGON,2.4739,CC(C)(C)OC(=O)C(=[N+]=[N-])c1ccc(cc1)N(=O)=O,DOXGON,CHON
DOYLIN,3.7385,C1CC2(OC(O1)c1ccccc21)c1ccc(cc1)c1ccccc1,DOYLIN,CHO
DOZXIA,2.7851,CON=C1C=CC23OCCOC2(OCCO3)C=C1,DOZXIA,CHON
DUBQAT,4.7389,O1C=CC2C1OC1OC3OC4OC=CC4C3C21,DUBQAT,CHO
DUBQOH,4.1930,CN1CCOCC2=CN(CCCCC1=O)N=N2,DUBQOH,CHON
DUCTOL,2.9997,O=C(Nc1ccc(Cc2ccc(NC(=O)c3ccccc3)cc2)cc1)c1ccccc1,DUCTOL,CHON
DUGZIP,4.0369,COc1cc(cc(OC)c1O)C12CC3CC(C1)CC(C3)(C2)c1cc(OC)c(O)c(OC)c1,DUGZIP,CHO
DUJDAO,1.9226,Cc1ccc2cccc(NC=C3C(=O)C=Cc4ccccc34)c2n1,DUJDAO,CHON
DUJGUL,2.3209,CC(C)(C)c1cccc(C=Nc2ccccc2N=Cc2cccc(c2O)C(C)(C)C)c1O,DUJGUL,CHON
DUJPEE,4.1225,COCC1=C(Oc2ccccc2)C(=NN1)O,DUJPEE,CHON
DUMSUA,2.1302,COc1cc(C=CC=NNC(=O)c2ccncc2)ccc1O,DUMSUA,CHON
DUMTIP,3.9321,CC(=O)OC1C2C(C)(C)CCC(O)C32COC1(O)C12CC(CC(O)C31)C(=C)C2O,DUMTIP,CHO
DUNCIZ,4.6305,CC1(C)CCC(O)C23COC(O)(C(O)C12)C12CC(CC(O)C31)C(=C)C2O,DUNCIZ,CHO
DUNDIA,3.4675,O=CN1C2C3N(C=O)C4C1N(C(C(N2N(=O)=O)N3N(=O)=O)N4N(=O)=O)N(=O)=O,DUNDIA,CHON
DUNJAY,4.3872,CC(=O)OC1C2C(C)(C)CCC(O)C32COC1(O)C12CC(O)(CCC31)C(=C)C2OC(C)=O,DUNJAY,CHO
DUSGAA,3.8115,CCOC(=O)C1C(C(C(=O)OCC)C(C)(O)CC1=O)c1ccccc1,DUSGAA,CHO
DUSHOP,4.2222,COc1cccc(OC)c1CCCCc1c(OC)cccc1OC,DUSHOP,CHO
DUSJOR,3.7345,COC(=O)CC1C(C)(C)C2OC34CC2C(=O)C1(C)C3CCC1(C)C4CC(=O)OC1C1=COC=C1,DUSJOR,CHO
DUSLEJ,3.3751,C#CCOc1ccc(cc1)C1(c2ccc(OCC#C)cc2)c2ccccc2c2ccccc12,DUSLEJ,CHO
DUTFOO,2.7188,CC12CCC3C(CCC4=CC(=O)C=CC34C)C1CCC2C=C,DUTFOO,CHO
DUTGIJ,2.4166,CCN1c2ccccc2c2cc(ccc12)C=NC1=C(C)C(=NO1)C,DUTGIJ,CHON
DUTJIM,2.4563,CC1C2C(O)C(OC(=O)c3ccccc3)C3(O)C(C)(C)CCCC3(C)C2CC2=C1C=CO2,DUTJIM,CHO
DUTMUB,2.1600,OC12N3CC(=Cc4ccccc4)C(=O)C4(C3)C(C(NC14C(=O)c1ccccc21)c1ccccc1)c1ccccc1,DUTMUB,CHON
DUTQIT,3.9423,CCOC(=O)C1(C(CC(=O)N1c1ccc(C)cc1)c1ccccc1)C(=O)OCC,DUTQIT,CHON
DUVCON,4.5465,CC1C2CCC3(O)C(C)(C)CCCC3(C)C2CC2=C1C=CO2,DUVCON,CHO
DUWCII,3.3785,CC(C)(C)c1ccc2N3CN(Cc2c1)c1ccc(cc1C3)C(C)(C)C,DUWCII,CHN
DUXCUV,3.0006,O=C1CCc2cc3ccc4ccccc4c3nc2N1,DUXCUV,CHON
DUXVUO,4.1393,CCCCCC1CCCC2CC(=O)OCCN12,DUXVUO,CHON
DUYGAG,4.4039,CCCC(CCC)(CC(=O)NCCC[N+](C)(C)[O-])C1CCCCC1,DUYGAG,CHON
DUYGEK,3.1515,C[N+](C)([O-])CCCNC(=O)C(c1ccccc1)c1ccccc1,DUYGEK,CHON
DUYGIO,3.7986,C[N+](C)([O-])CCCNC(=O)CC(c1ccccc1)c1ccccc1,DUYGIO,CHON
DUYGOU,4.5330,C[N+](C)([O-])CCCNC(=O)CC(C1CCCCC1)C1CCCCC1,DUYGOU,CHON
DUYHOV,3.5947,CCCCCC(CCCCC)(CC(=O)NCCC[N+](C)(C)[O-])c1ccccc1,DUYHOV,CHON
DUYYUS,1.4470,COC1=C(C(=O)C(=O)C(=C1OC)C(C)(C)C)C(C)(C)C,DUYYUS,CHO
DUZGIO01,3.5248,CC1CC2C=C3N(CCCC43C3CC2C4(C1)N(C)C3)C(C)=O,DUZGIO01,CHON
DUZQEV,3.6337,CC1CC2(CCCCC2)N=C2C3(C)C=CC(C4C3C(=O)OC4=O)C12C,DUZQEV,CHON
DUZQUL,2.9844,CN1C(=O)C2CCCN2C(c2ccccn2)c2ccccc12,DUZQUL,CHON
DUZRAS,3.4124,CN1C(=O)C2CCCN2C(c2ccccc2)c2ccccc12,DUZRAS,CHON
DUZSOH,3.5794,CC1=C2C(CCCC3C(=C(C)OC3(c3ccccc3)c3ccccc3)C(=O)OCCOCCOCCOC2=O)C(O1)(c1ccccc1)c1ccccc1,DUZSOH,CHO
DUZVUQ,1.2041,CCCCCCCCNc1ccc(NCCCCCCCC)c2C(=O)c3ccccc3C(=O)c12,DUZVUQ,CHON
EBAFAQ,3.0000,CC=C(c1ccccc1)C(C)=C(c1ccccc1)C(c1ccccc1)=C(C)C(=CC)c1ccccc1,EBAFAQ,CH
EBIGUR02,1.7199,CC(C)(C)OC(=O)N1C(=O)C2=C(N(C(=O)OC(C)(C)C)C(=O)C2=C1c1ccccc1)c1ccccc1,EBIGUR02,CHON
EBOPAN,1.9763,COc1ccc(cc1)C=C1N=C(N(c2ccccc2)C1=O)c1ccccc1,EBOPAN,CHON
EBOVUN,3.5711,CC1CC2CCC3OC(=O)C(=C1)C23O,EBOVUN,CHO
EBOWAU,3.3646,CC1=CC23C(=O)OC4CCC(C1)C24C12C4CCC1OC(=O)C2=CC3(C)C4,EBOWAU,CHO
EBUCAH,3.0036,CC(C)NC(=N)c1cccc2ccccc12,EBUCAH,CHN
ECAPAB,2.5340,O=C(N=C1Nc2cccc3cccc(N1)c23)c1ccccc1,ECAPAB,CHON
ECUJIV,4.3782,COC(=O)C12COC(N1C(=O)C(C)(C2)C(O)=O)C(C)(C)C,ECUJIV,CHON
EDAHAT,2.7074,CN(C)c1cccc2ccc(c(N(C)C)c12)C(C)(O)c1ccccc1,EDAHAT,CHON
EDEPIN,3.8919,CC1=NN(C(=C1)C)C(c1ccccc1)(c1ccccc1)c1ccccc1,EDEPIN,CHN
EDEVEP,3.4087,COc1ccc(cc1OC)C(=O)NN,EDEVEP,CHON
EDEVIT,4.0737,COC(=O)c1c(OC)cccc1OC,EDEVIT,CHO
EDITIV,0.9711,CCN(CC)CCN1C(=O)c2ccc3c4cccc5cccc(c6ccc(C1=O)c2c36)c45,EDITIV,CHON
EDOSUM,2.9334,CCOC(=O)C(=Cc1ccccc1)N1C(=O)C2CC=CCC2C1=O,EDOSUM,CHON
EDUFUF,4.0439,C1CN(CCOCCN(CCO1)CC1=Nc2ccccc2N1)CC1=Nc2ccccc2N1,EDUFUF,CHON
EFEJEF,2.9506,COc1ccc(cc1)C(=O)C1=CCC2(C)CCC12O,EFEJEF,CHO
EFEQUC,4.2494,COC(=O)C1(CC(=C)C2C1C1CCC2(C)OC(=O)C1)C(=O)OC,EFEQUC,CHO
EFEROX,3.3652,CC12CC(=O)C3C(CCC4=CC(NC=O)C(O)C(O)C34C)C1CCC12OCCO1,EFEROX,CHON
EFIBIF,1.8977,CCCCCCCC(=O)Oc1ccccc1C(=O)C1=CNc2ccccc2N=CC(=CNc2ccccc2N=C1)C(=O)c1ccccc1OC(=O)CCCCCCC,EFIBIF,CHON
EFUYUA,2.2871,COC(=O)C(CC1(O)c2ccccc2N=C1c1ccccc1)N1C(=O)c2ccccc2C1=O,EFUYUA,CHON
EGAGAV,2.9065,CCOC(=O)C1(NC(C(C1c1ccccc1)N(=O)=O)c1ccccc1)C(=O)OCC,EGAGAV,CHON
EGANAC,3.6777,O=C1CCCC2CC3=C(C4CCN1C24)c1ccccc1N3,EGANAC,CHON
EGEPIQ,3.2495,C1OC2CC1Oc1nc3ccccc3cc21,EGEPIQ,CHON
EGIHUX,4.8341,CC1CCC2C(C)C3CC(CO)C(C)C3C(=O)N2C1,EGIHUX,CHON
EGONOE,2.9684,O=C1OCC23C1=CC1CC42C=CC2=C(C(OC2=O)C2=COC=C2)C34C1,EGONOE,CHO
EGOVIF,2.0605,C1CN2CCCc3cc(C=NN=Cc4cc5CCCN6CCCc(c4)c56)cc(C1)c23,EGOVIF,CHN
EGUQED,1.6551,c1ccc2c(c1)c1ccccc1C2=CC#CC=C1c2ccccc2c2ccccc12,EGUQED,CH
EHALUV,0.0000,CC(C)(C)N([O])c1ccc(cn1)c1ccccc1,EHALUV,CHON
EHEVUJ,3.6502,CC(C1NC(=O)c2ccccc2O1)c1ccccc1,EHEVUJ,CHON
EHIDOP,3.6732,COCC1C(C(O)c2ccccc2)C2C=CC1(COC)N1N2C(=O)N(C1=O)c1ccccc1,EHIDOP,CHON
EHIJIP,2.3985,CC(C)CCN(NC(=O)c1cnccn1)C(C1CCCCC1)C(=O)NCc1ccccc1,EHIJIP,CHON
EHIPOB,3.9430,CC1CCC(C(C)C)C(C1)OC(=O)OC1C(OCc2ccccc2)C(OCc2ccccc2)C(OCc2ccccc2)C(OCc2ccccc2)C1OCc1ccccc1,EHIPOB,CHO
EHIQOC,3.1773,NC1=NN2C(=O)NC(=NC2=N1)CCc1ccccc1,EHIQOC,CHON
EHOLES,3.3092,COC(=O)C12CCC(CC1C=Cc1ccccc1)N2C(=O)c1ccccc1,EHOLES,CHON
EHOLOC,3.2628,CC1CCC2=C(NC(=O)Cc3ccc(cc3)c3ccccc3)N(N=C12)C(=O)OC(C)(C)C,EHOLOC,CHON
EJAKIK,2.9317,CC1C(N=Cc2ccccc2O)c2ccccc2OC1(C)N=Cc1ccccc1O,EJAKIK,CHON
EJAXUJ,2.9334,COC(=O)C1=C2Nc3ccccc3C32CCN2CC(C1CC32)C(C)=O,EJAXUJ,CHON
EJEVOE,3.6450,Oc1ccc(cc1)C(c1ccc(O)cc1)c1ccc(O)cc1,EJEVOE,CHO
EJIFEJ,2.7574,COc1ccc(cc1)N=C(N)c1ccccc1,EJIFEJ,CHON
EJIJAJ,2.1105,C1CN(CCO1)Cc1ccc(cc1)C=C1C=CC=C1,EJIJAJ,CHON
EJITOH,4.7389,OCN1N=C2CCCCCCC2=N1,EJITOH,CHON
EKOROM,2.0580,CCOc1cccc(C=Nc2ccc3C(=CC(=O)Oc3c2)C)c1O,EKOROM,CHON
ELOJAR,3.3643,Cc1cc(C)c(C#N)c(OCCCOc2nc(C)cc(C)c2C#N)n1,ELOJAR,CHON
ELUDOF,2.3407,COc1ccc(cc1)C=C(C(=O)c1ccccc1)N(=O)=O,ELUDOF,CHON
ELUSOU,3.2047,COC(=O)C1(CC(N2Cc3ccccc3c3ccccc3C12)c1ccc(OC)cc1)C(=O)OC,ELUSOU,CHON
EMACEB,2.9415,CC(C)C12OC(C)(C=C1)C(=C)C(=O)C2O,EMACEB,CHO
EMITEA,4.2859,COC(=O)C1CC(O)CN1C(C)=O,EMITEA,CHON
EMOBIS,2.9239,Cc1ccc2Oc3c(Cc2c1)ccc1ccccc31,EMOBIS,CHO
EMUBAQ,3.3966,CC(C)(C)C1=C(C2CCCN(C2)C(=O)OCc2ccccc2)c2ccccc2N1,EMUBAQ,CHON
EMUPAE,4.8010,OCC1(O)OC(=O)C2C=CC3C(O)OC1C23,EMUPAE,CHO
EMUPEI,4.7823,COC1(CO)OC(=O)C2C=CC3C(O)OC1C23,EMUPEI,CHO
EMUPIM,3.9042,COc1cccc2C(O)C3(C)CC(C(=O)O3)c12,EMUPIM,CHO
EMUREK,3.4772,O=C1NC2(CCCCC2)C2=NN=NN2c2ccccc12,EMUREK,CHON
EMUXIU,3.6551,CC(C)(C)OC(=O)N1Cc2ccccc2c2ccccc2C1c1ccccc1,EMUXIU,CHON
ENALOU,3.6555,Nc1ccc(Cc2ccc(O)cc2)cc1,ENALOU,CHON
ENALOU01,3.6561,Nc1ccc(Cc2ccc(O)cc2)cc1,ENALOU01,CHON
ENAMAH,3.6470,Nc1ccc(CCCc2ccc(O)cc2)cc1,ENAMAH,CHON
ENELAK,3.0857,OC1CC(N2C(=O)c3ccccc3C2=O)C(=O)NC1=O,ENELAK,CHON
ENILES,4.0601,C(ONC12c3ccccc3C(c3ccccc13)c1ccccc21)c1ccccc1,ENILES,CHON
ENILIW,4.0516,CCONC12c3ccccc3C(c3ccccc13)c1ccccc21,ENILIW,CHON
ENIMOD,3.8439,CCN(OC)C12c3ccccc3C(c3ccccc13)c1c(C)ccc(C)c21,ENIMOD,CHON
ENUHIF,2.3384,O=C(C=Cc1cccc(c1)N(=O)=O)C1=Nc2ccccc2N1,ENUHIF,CHON
EPASEU,2.5711,COc1cc(CO)c(cc1OC)C1=CC(=O)Oc2cc(OC)c(OC)c(OC)c12,EPASEU,CHO
EPAXEZ,3.6859,COC(=O)C1(C)CCCC2(C)C1CCC13CC4C(CC21)C1C(CCC(=O)C31)OC4(C)C,EPAXEZ,CHO
EPIRIF,1.8772,CN(C)c1ccc(cc1)C1=CC(C#N)(C#N)C(=C(c2ccc(cc2)N(C)C)C1(C#N)C#N)C#N,EPIRIF,CHN
EPOMIG,2.5798,CN1C(=O)Cc2ccccc2C1=Nc1c(C)cccc1C,EPOMIG,CHON
EQANIU,3.6310,CN1CCc2ccc(O)c3OC4CC(O)C=CC4(CC1)c23,EQANIU,CHON
EQASEV,2.6545,CN1C=C(c2ccc3ccccc3n2)c2ccccc12,EQASEV,CHN
EQAYOL,2.3361,COC(=O)CC(C(=O)OC)=C(C(=O)OC)C1=C(C(=O)OC)C(=C2N(CCOC2=O)C1=O)C(=O)OC,EQAYOL,CHON
EQICEN,2.0875,CN1C=CN=C1c1nc2ccccc2nc1C1=NC=CN1C,EQICEN,CHN
EQIXOS,2.8615,CON(OC)C(=O)Nc1ccc(cc1)N(=O)=O,EQIXOS,CHON
EQUTAM,3.5802,COc1ccc2C(=O)N3CCOC(C3c2c1OC)c1ccccc1,EQUTAM,CHON
ERARIZ01,3.7158,CC1CCC(C(C)C)C(C1)NC(=O)c1ccccc1,ERARIZ01,CHON
ERIWEI,3.2085,COC12OC(=NC1(Cc1ccccc1)C1(O2)C(=O)N(C)C(=O)c2ccccc12)C,ERIWEI,CHON
ERIWIM,2.2719,Oc1ccccc1C(=O)C=Cc1ccc(OCc2ccccc2)cc1,ERIWIM,CHO
ERIZEL,3.1515,Oc1ccc(C=[NH+]C(Cc2ccccc2)C(=O)[O-])c(O)c1,ERIZEL,CHON
EROBET,3.2616,COC12OC(=NC1(C)C1(O2)C(=O)N(C)C(=O)c2ccccc12)C,EROBET,CHON
EROPOR,2.7031,CCOC(=O)C1=C(C)NC(=C(C1C1=C(NN=C1)c1ccc(OC)cc1)C(=O)OCC)C,EROPOR,CHON
EROTUB,2.0929,COc1ccc(cc1OC)C1C2=C(CCCC2=O)OC2=C1C(=O)CCC2,EROTUB,CHO
EROYAM,3.3578,CCOC(=O)C1CCC2=C(C1=O)c1ccccc1N2,EROYAM,CHON
ESIHUK,2.3305,OC(C1=CC=CO1)=C1C=CC=C1C(=O)C1=CC=CO1,ESIHUK,CHO
ESOTOW,4.0484,CCOC(=O)C1C(C2CC(CC2C(=C)C1=C)(C(=O)OCC)C(=O)OCC)C(=O)OC,ESOTOW,CHO
ESTILO03,3.8928,CCC(c1ccc(O)cc1)=C(CC)c1ccc(O)cc1,ESTILO03,CHO
ESTRON14,3.6775,CC12CCC3C(CCc4cc(O)ccc34)C1CCC2=O,ESTRON14,CHO
ESUHEG,4.7599,CC1CCC2CCC(O)CC(Cc3ccccc3)C12O,ESUHEG,CHO
ESUQOZ,3.2119,CCC1ON(C2CC(CCC12)C(CC#C)(C#N)C#N)c1ccccc1,ESUQOZ,CHON
ESUQUF,3.7781,CCCC1CC2C(CC1(C#N)C#N)C(=O)N2c1ccccc1,ESUQUF,CHON
ETADUZ,2.7527,COC(=O)C1(CC(=O)c2c(O)cccc2O1)C1OC(=O)CC1C,ETADUZ,CHO
ETAGEM,2.6639,CCOC1CC2ON1c1cc(C)ccc1C2=O,ETAGEM,CHON
ETAGIQ,1.7940,CC(C)(C)c1ccc2C(=O)C(Nc2c1)=CC(=O)c1ccc(cc1N(=O)=O)C(C)(C)C,ETAGIQ,CHON
ETEXEG,3.0306,CC1=C(C)c2cccc(O)c2C(=O)O1,ETEXEG,CHO
ETEYAD,5.0261,COC1OCC(OC(=O)C(C)(C)C)C(OC(=O)C(C)(C)C)C1O,ETEYAD,CHO
ETIQOO,3.7530,C1CCC(CC1)N1C=C(N=N1)c1ccccn1,ETIQOO,CHN
ETITOQ,1.8851,COc1ccc(cc1)N=C1c2ccccc2c2ccccc12,ETITOQ,CHON
ETIWIO,2.7997,C=CN1C=CN=C1C(=O)C1=NC=CN1C=C,ETIWIO,CHON
EVADOV,2.2422,CC(C(C)=O)C1(O)C(=O)c2ccccc2C1=O,EVADOV,CHO
EVAJER,2.4900,OCCN1CCN(CCCN2c3ccccc3C=Cc3ccccc23)CC1,EVAJER,CHON
EVAMUJ,3.5298,CC(O)C1OC(=O)C=C2C3(C)CC4OC4C4(C)C3C(OC4=O)C3OC123,EVAMUJ,CHO
EVEDOY,3.5292,C1CCN2N=NC3C4CC(C5CCCCN5C4)C23OC1,EVEDOY,CHON
EVELOH,2.2293,COc1ccc(cc1)C=Nc1ccc(cc1C)c1ccc(N=Cc2ccc(OC)cc2)c(C)c1,EVELOH,CHON
EVEPAX,2.3589,Nc1ccc(cc1)C(=O)C=Cc1cccnc1,EVEPAX,CHON
EVEWOS,2.6625,COc1ccc2Nc3cc(OC)c(C=O)cc3c2c1,EVEWOS,CHON
EVEXAE,2.2883,COc1ccc(cc1)C(=O)C=C(O)c1cccc(c1)N(=O)=O,EVEXAE,CHON
EVICOC,5.4782,NCCCCCO,EVICOC,CHON
EVILIF,3.2447,COC(=O)C(CC(C)C)(NC(C)=O)C1(O)C(=O)N(C)C(=O)c2ccccc12,EVILIF,CHON
EVOHAZ,2.5039,CC(=O)C(=NNc1ccccc1)N1CCCCC1,EVOHAZ,CHON
EVOVOB,3.1816,C1Cc2ccccc2C2N1c1ccccc1CN(N2c1ccccc1)c1ccccc1,EVOVOB,CHN
EVUDAB01,4.6478,CC1=NN=C(N)N1N,EVUDAB01,CHN
EVUSIX,3.0146,c1cc(ccn1)C=Cc1ccncc1,EVUSIX,CHN
EWADIP,3.4173,COC(=O)C1(C)CCCC(C)(C1=O)c1cc(C)ccc1OC,EWADIP,CHO
EWADUB,3.5298,CCC(CC)(CC)C(=O)N1C=CC2(Cc3ccccc3)C1CC=CN(C2=O)C(C)(C)C,EWADUB,CHON
EWEHEU,4.8294,COC(=O)N1CC(C(CC(=O)OC(C)(C)C)C1C#N)C(C)=C,EWEHEU,CHON
EWEHOE,3.5365,COc1cccc2C(=O)OC(C(C)C)C(O)c12,EWEHOE,CHO
EWEHUK,3.4923,COc1cccc2C(O)C(OC(=O)c12)C(C)C,EWEHUK,CHO
EWEJAS,3.4827,CC(C)C1OC(=O)c2c(OCc3ccccc3)cccc2C1O,EWEJAS,CHO
EWERUU,4.4226,CC(=O)OC1CC(O)C2(C)C=CC(OC(C)=O)C(C)(O)C2C(OC(C)=O)C23OC2(C)C(=O)OC3C=C1C,EWERUU,CHO
EWIJIE,2.5244,CN(C)C1C2CC=CC(=C2C(=O)C2=C1ON=C2OCc1ccccc1)O,EWIJIE,CHON
EWILOL,2.8710,COc1cccc2ccc(O)c(C(=O)N(C(C)C)C(C)C)c12,EWILOL,CHON
EWIYAK,3.1103,Cc1cccc(n1)N1OC2CCC1C(=C2)C,EWIYAK,CHON
EWODEA,3.2550,NC1=C2N=CN=C2N(Cc2ccccc2)C=N1,EWODEA,CHN
EXIHID,2.2742,COc1ccc(cc1)C1=C(C#N)C(=O)NC2=C1CCc1ccccc21,EXIHID,CHON
EXIHOJ,2.1099,O=C1NC2=C(CCc3ccccc23)C(=C1C#N)c1ccc2OCOc2c1,EXIHOJ,CHON
EXIPIL,2.0763,Cc1ccc(N=Cc2cccc3ccccc23)c(O)c1,EXIPIL,CHON
EYIGID,2.8968,CCCCCCCCC1C2Cc3c(O)cc(C(O)=O)c4CC(=O)C1C2c34,EYIGID,CHO
EYOFUT,2.8034,CCOC(=O)c1ncc2Nc3ccc(OCc4ccccc4)cc3c2c1COC,EYOFUT,CHON
EZANEZ,4.2631,C1CC2(Cc3ccccc3C2)C(OC2c3ccccc3CCC32Cc2ccccc2C3)c2ccccc12,EZANEZ,CHO
EZAYOU,3.6077,COC1=NC2C3C(C(=O)N(C3=O)c3ccccc3)C31COC(N3C2=O)C(C)(C)C,EZAYOU,CHON
EZEGOG,3.4884,COc1ccc2CC3N(CCC4(C5C6OC34CCC5(O)N(Cc3ccccc3)C6=O)c2c1O)CC1CC1,EZEGOG,CHON
EZEKEA,2.7610,Cc1cc(O)c(cc1c1cccc2cccc(c3cc(c(O)cc3C)c3ccccc3)c12)c1ccccc1,EZEKEA,CHO
EZIREL,3.5206,CC=C(C)C(=O)OC1C(OC(C)=O)C(C)(O)C(=O)CC=C(C)CC2OC(=O)C(=C)C12,EZIREL,CHO
EZISUC,2.5368,CC1C(O)C2(O)OCC34C(CC5C(=CC(=O)C(O)C5(C)C23)C)OC(=O)C(O)C14O,EZISUC,CHO
EZUGOW,2.5906,COC(=O)C1(CC(=O)c2c(O)cc(C)c(c2O1)c1c(C)cc(O)c2C(=O)CC(Oc12)(C1CCC(=O)O1)C(=O)OC)C1CCC(=O)O1,EZUGOW,CHO
EZUHUC,2.1649,c1ccc2c(c1)nc1ccccc1c2c1cccc(n1)c1cc(ncn1)c1cccc(n1)c1c2ccccc2nc2ccccc12,EZUHUC,CHN
EZUKEQ,2.4708,COc1ccc2C(=O)c3c(O)c(OC)c(OC)c(OC)c3Oc2c1,EZUKEQ,CHO
EZUTIC,2.5118,CC(C)(C#N)N1C(COc2ccccc12)=C(c1ccccc1)c1ccccc1,EZUTIC,CHON
FACVIQ,3.0938,COc1ccccc1C1C(C)c2ccccc2N2C1Cc1ccccc21,FACVIQ,CHON
FACZIU,5.0487,OC1CCN2C(=O)CCC32CCCCC13,FACZIU,CHON
FACZOA,4.8464,CCCCCCC1CC(O)C2CCCCC32CCC(=O)N13,FACZOA,CHON
FANTAQ,4.3971,CC1(C)OCC(C2CC(O)C(O)C(=O)O2)N1C(=O)OCc1ccccc1,FANTAQ,CHON
FANYAV,3.5539,Nc1ccc(Oc2ccc(cc2)C#C)cc1,FANYAV,CHON
FARXAY,2.8334,CN1C(=O)C2C3C(Cc4cccc1c24)C(C)(C)N1C3C(=O)C(=C(C)O)C1=O,FARXAY,CHON
FAVBUA,3.2616,COc1ccc(COC2CCCC3(O)C4C(=O)CCC4(C)CCC23C)cc1,FAVBUA,CHO
FAXQUR,3.8667,COc1ccc(COCCC(OC(=O)C23CCC(C)(C(=O)O2)C3(C)C)C(C)C=C)cc1,FAXQUR,CHO
FAXVIK,2.2460,CCN(CC)Cc1c2ccccc2cc2ccccc12,FAXVIK,CHN
FAZJEW,2.3477,c1ccc(nc1)C1=C2C=CC=C3N2C(=C1)c1ccccc31,FAZJEW,CHN
FECWEQ,3.7269,CC(C)(C)C1CC2C3C(CC4C(=O)C3C1CC24O)C(C)(C)C,FECWEQ,CHO
FEDPEK,1.4761,O=C1N(c2cccnc2)C(=O)c2ccc3c4ccc5C(=O)N(c6cccnc6)C(=O)c6ccc(c7ccc1c2c37)c4c56,FEDPEK,CHON
FEDPOU,1.4704,O=C1N(c2ccncc2)C(=O)c2ccc3c4ccc5C(=O)N(c6ccncc6)C(=O)c6ccc(c7ccc1c2c37)c4c56,FEDPOU,CHON
FEGFAZ01,4.1045,OC1CCC2(CC1)C=CCC2Cc1ccc(O)cc1,FEGFAZ01,CHO
FEGNEL,2.9015,CCOC(=O)C1C2c3c(OC1(C)Oc1ccc4ccccc4c21)ccc1ccccc31,FEGNEL,CHO
FEWHIZ,2.4060,CC(C)(C)C=Cc1c(C=CC(C)(C)C)c(C=CC(C)(C)C)c2c(C=CC(C)(C)C)c(C=CC(C)(C)C)c(C=CC(C)(C)C)c(C=CC(C)(C)C)c2c1C=CC(C)(C)C,FEWHIZ,CH
FEZQIL,3.1323,CC(C=C(C)C(NC(=O)OCc1ccccc1)c1ccccc1)C(=O)Nc1ccc2ccccc2c1,FEZQIL,CHON
FIFRIV01,5.5985,CC(C)C1CCC2(C)C(O)CCC(C)(O)C2C1O,FIFRIV01,CHO
FIQVUX,2.6698,COc1ccc(cc1OC)C1OOC(C2C1C(=O)C(C)(C)C2=O)c1ccc(OC)c(OC)c1,FIQVUX,CHO
FIVVUC,2.6209,CCOC(=O)C1(C)Oc2ccccc2C(=C1C(=O)OC)c1ccc(OC)cc1,FIVVUC,CHO
FIXVIS,3.7554,COC12C3CC4CC5C(CCCC5=O)C14C=CC23,FIXVIS,CHO
FIYVUE01,1.9333,O=C(C(=O)C1=CC=CO1)C1=CC=CO1,FIYVUE01,CHO
FIZPUA,4.7145,CC(=O)N1CCC(C1C#N)C(=C)CO,FIZPUA,CHON
FOBXIE,4.3061,COC1OC(C)C(OCc2ccccc2)C2OC(C)(C)OC12,FOBXIE,CHO
FOGTUR01,4.2431,COC(=O)C1OC(N=[N+]=[N-])C(OC(C)=O)C(OC(C)=O)C1OC(C)=O,FOGTUR01,CHON
FOLSUV,2.6388,CN1C=C(c2ccccc12)C1=NC(=O)C(=NN1CC=C)C1=CN(C)c2ccccc12,FOLSUV,CHON
FONDUI,3.3885,Cc1cc(C)c(c(C)c1)C1(C)CC(C1)C(=O)CN1CCCCC1,FONDUI,CHON
FOPFIA,2.3211,C(N1C=CC(=N1)c1ccccn1)c1cc2cc3ccccc3cc2cc1CN1C=CC(=N1)c1ccccn1,FOPFIA,CHN
FOQZER,2.0031,[O-]c1ccc2ccccc2c1C=[NH+]c1ccc(cc1)C#N,FOQZER,CHON
FOQZOB,2.4609,CC(=Nc1ccccc1)c1ccc2ccccc2c1O,FOQZOB,CHON
FORDIA,3.1421,Oc1ccc2ccccc2c1CN1N=Nc2ccccc12,FORDIA,CHON
FOVCEZ,3.2841,O=C(N1CC(Oc2ccccc12)C#N)c1ccccc1,FOVCEZ,CHON
FOVNUA,3.0233,COC(=O)c1ccc(cc1)c1ccc(cc1)C(=O)OC,FOVNUA,CHO
FOVSAL,2.7846,CCOC(=O)C1CC(=O)C2=C(C1)c1ccccc1N2,FOVSAL,CHON
FOWVIX,4.1826,CC(=O)NC1=NN=NN1N(C(C)=O)C(C)=O,FOWVIX,CHON
FOWWUK,2.9829,O=C(NNC(=O)c1ccncc1)C1CCCCC1,FOWWUK,CHON
FOXCAX,4.0538,COC1OC(C)C(N=[N+]=[N-])C(OCc2ccccc2)C1O,FOXCAX,CHON
FOXLIO,2.3071,O=N(=O)C=Cc1cccc2ccccc12,FOXLIO,CHON
FOXTOC,1.3892,C1Oc2ccccc2N=NC2=CC=C(N2)N=Nc2ccccc2OCc2cccc1n2,FOXTOC,CHON
FOXVIY,4.0382,Cc1ccc(c(O)c1)C1(C)CC(=O)Oc2cc(C)ccc12,FOXVIY,CHO
FOYHEH,2.8503,COc1ccc2OC3(OC)C(O)CC(=O)C=C3Oc2c1,FOYHEH,CHO
FUGQON01,3.1064,CC(C)(C)NC(Nc1cccc(c1)C(=CCCCC(O)=O)c1cccnc1)=NC#N,FUGQON01,CHON
FUGSIK,2.7090,Cc1ccc(cc1)C#CC1=C(C)OC(C)(C)OC1=O,FUGSIK,CHO
FUGZAJ,3.3652,CC(=O)OC1CC2CC3(C(OC(C)=O)C2=C)C1C12COC3(O)C(=O)C1C(C)(C)CCC2OC(C)=O,FUGZAJ,CHO
FUJBOC,3.3245,CC1(C)C(=O)N(Cc2ccccc2)C2(CC(=NO2)C2COC3(CCCCC3)O2)C1=O,FUJBOC,CHON
FUJKOL,3.7448,C(CN1C=C(N=N1)c1ccccn1)CN1C=C(N=N1)c1ccccn1,FUJKOL,CHN
FUMCUM,2.6936,CN(C)c1cccc2ccc3CC(CN(C)c3c12)(C#N)C#N,FUMCUM,CHN
FUNCIA01,5.6876,CC1(C)CCCC2(C)C1CCC1(C)C(CCCO)C(O)CCC21,FUNCIA01,CHO
FUPMUZ,4.8270,CCCCCCC1CC(O)C2CCCCC(=O)N12,FUPMUZ,CHON
FUPNAG,4.4552,OC1CCN2C1C(CCCC2=O)CC=C,FUPNAG,CHON
FUSFUV,4.5627,CN1C2NC(=O)N(C2N(C)C1=O)C(C)(C)C(O)=O,FUSFUV,CHON
FUSGAC,3.6359,Cc1ccc(cc1)C(C#N)N1CCCN1C(=O)c1ccccc1,FUSGAC,CHON
FUVZIG,3.9091,CC1CCC2C(C)C(OCCC3OC(C)(C)OOC3C(C)=C)OC3OC4(C)CCC1C23OO4,FUVZIG,CHO
FUVZOM,3.8863,CC1CCC2C(C)C(OCCC3OC4(OOC3C(C)=C)C3CC5CC(C3)CC4C5)OC3OC4(C)CCC1C23OO4,FUVZOM,CHO
FUWTOH,3.4804,CC(=O)OCC(OC(C)=O)C1CC1=CN1C=Nc2c(N)ncnc12,FUWTOH,CHON
FUXXOM,2.9697,O1c2ccc3ccc(Oc4nc(Oc5ccc6ccc(Oc7nc1nc1ccccc71)cc6c5)c1ccccc1n4)cc3c2,FUXXOM,CHON
FUZKOB,3.5850,CC(=C)C1(C)CC2C(=O)CC(C)(C)CC12C#CC(C)(C)C,FUZKOB,CHO
FUZKUH,3.3525,CC(=C)C1(C)CC2C(=O)CC(C)(C)CC12C#Cc1ccccc1,FUZKUH,CHO
FUZLUI,2.6337,CC(=O)c1ccc(cc1)N=NN1CCOCC1,FUZLUI,CHON
GACFUN,4.7283,OCC1C2OC3OC4OC=CC4C3C12,GACFUN,CHO
GACGAU,4.7462,O1C=CC2C1OC1OC=CC21,GACGAU,CHO
GACGIC,4.5742,O1C=CC2C1OC1OC3OC4OC=CC4C3C21,GACGIC,CHO
GACGOI,4.6673,O1C=CC2C1OC1OC3OC4OC5OC=CC5C4C3C21,GACGOI,CHO
GACGUO,4.6417,O1C=CC2C1OC1OC3OC4OC5OC6OC=CC6C5C4C3C21,GACGUO,CHO
GACHAV,4.7337,O1C=CC2C1OC1OC3OC4OC5OC6OC=CC6C5C4C3C21,GACHAV,CHO
GACHEZ,4.6176,O1C=CC2C1OC1OC3OC4OC5OC6OC7OC8OC=CC8C7C6C5C4C3C21,GACHEZ,CHO
GADCAQ,4.1721,CC(C)NC(=O)C1(CC1(C)C)NC(=O)C1CCCN1C(=O)C(C)(C)C,GADCAQ,CHON
GADGOJ,2.1150,O=C(NCCN(CCNC(=O)c1ccc(cc1)N(=O)=O)CCNC(=O)c1ccc(cc1)N(=O)=O)c1ccc(cc1)N(=O)=O,GADGOJ,CHON
GADHEZ,2.8375,COC(=O)C(=O)C(C(=O)OC)=C1CC(C)(C)CN1C,GADHEZ,CHON
GAKVIZ,2.0534,OC(NN1C=NN=C1)c1ccccc1N(=O)=O,GAKVIZ,CHON
GAKVOF,2.2877,OC(NN1C=NN=C1)c1cccc(c1)N(=O)=O,GAKVOF,CHON
GAKVUL,2.2335,OC(NN1C=NN=C1)c1ccc(cc1)N(=O)=O,GAKVUL,CHON
GAKWAS,1.7082,OC(NN1C=NN=C1)c1ccc(cc1N(=O)=O)N(=O)=O,GAKWAS,CHON
GAKZUO,3.4898,CC1(C)CC(C)(c2ccc(OC(=O)C34CCC(C)(C(=O)O3)C4(C)C)cc2)c2ccccc2O1,GAKZUO,CHO
GANTEV,3.0603,COC(=O)c1cc(C)ccc1N=C1CCCN1c1ccccc1,GANTEV,CHON
GANVEX,2.8228,N#Cc1ccc(cc1)C1C=C(OC2(CCCCC12)N1CCOCC1)c1ccccc1,GANVEX,CHON
GANVUN,2.9654,CCOC(=O)N1CCc2nc(cc(c3ccc(cc3)C#N)c2C1)c1ccccc1,GANVUN,CHON
GANWAU,2.7689,CCOC(=O)c1c(C)nc(cc1c1ncccn1)c1ccccc1,GANWAU,CHON
GASNEU,3.6932,O=C(Nc1cccnc1)Nc1cccnc1,GASNEU,CHON
GAVYUY,4.0176,COc1ccc2CCC3C(C)(CCCC3(C)c2c1)C(=O)N1CCOCC1,GAVYUY,CHON
GEHLUB,4.6728,CC=CC1(O)CCC2C3CCC4=C(CCC5(C4)OCCCO5)C3CCC12C,GEHLUB,CHO
GENIST01,2.7722,Oc1ccc(cc1)C1=COc2cc(O)cc(O)c2C1=O,GENIST01,CHO
GENVAX,2.7312,CC(=O)c1ccc2OC(C)(C)C=Cc2c1O,GENVAX,CHO
GEQKOD,3.9492,COC(=O)N1CC2(C(C2c2ccccc2)C1=O)c1ccccc1,GEQKOD,CHON
GERLAR,3.1971,O1C=C(c2ccncc2)c2c1ccc1ccccc21,GERLAR,CHON
GERRAX,2.6455,CC(=O)c1ccc2c(c1)C(c1ccccc21)C1(O)c2ccccc2c2ccc(cc12)C(C)=O,GERRAX,CHO
GEYGOG01,2.4221,COc1ccc(cc1)C(c1ccc(OC)cc1)=C(c1ccc(OC)cc1)c1ccc(OC)cc1,GEYGOG01,CHO
GEYNAZ02,3.5289,CC1CCC2C(OC(=O)C2=C)C(C)(O)C21CCC(=O)O2,GEYNAZ02,CHO
GEZRAE01,3.7382,CC12CCC=C(CO)CCC3C(OC(=O)C3=C)C1O2,GEZRAE01,CHO
GIDWAS,3.4674,CC(C)c1cccc(C(C)C)c1N1CC2(CCCCC2)CC1(C)C,GIDWAS,CHN
GIMQEZ,1.4780,CC(=O)N(C=CC=CC=CC1=C(C#N)C(OC1(C)C)=C(C#N)C#N)c1ccccc1,GIMQEZ,CHON
GIMRAW,3.8059,CC(CC(O)=O)C1CCC2C3CCC4CC(=O)CCC4(C)C3CCC12C,GIMRAW,CHO
GINCOW,1.7976,COC(=O)c1ccccc1NN=C1C=CC(=O)c2ncccc12,GINCOW,CHON
GINGIU,3.1337,CC1=CCCC2(C)OC2C2OC(=O)C(CNCc3cccc4ccccc34)C2CC1,GINGIU,CHON
GINHER,3.7150,CCCOc1ccc(NC(C)=O)cc1,GINHER,CHON
GINLEV,3.2527,Cc1ccc(cc1)C(O)C1OC(=O)C=C1,GINLEV,CHO
GINXEH,4.1782,CC(=O)OCC1OC(C(O)C(C)=O)C(OC(C)=O)C(OC(C)=O)C1OC(C)=O,GINXEH,CHO
GIPBAJ,3.4224,COC(=O)C(C)C(NC1(c2ccccc2)c2ccccc2c2ccccc12)C(=O)OC,GIPBAJ,CHON
GIPCIS,2.9169,COc1ccccc1N(c1cccc(c1)N(c1ccccc1OC)c1ccccc1OC)c1ccccc1OC,GIPCIS,CHON
GIRNUR,3.1411,COc1ccc(cn1)c1cc(C)nc(N)n1,GIRNUR,CHON
GISPII,4.3394,CCC(=O)Nc1c(C)cccc1C,GISPII,CHON
GITXAJ,3.0430,OC(=O)c1cc2OCCOCCOCCOCCOc3ccc(OCCOCCOCCOCCOc1cc2)cc3C(O)=O,GITXAJ,CHO
GIVHOJ,2.5355,O=C1CCC(C(N1)c1ccccc1)N(=O)=O,GIVHOJ,CHON
GIVROT,2.8648,CC12CC(=O)C3(O)C(CCC4=CC(=O)CCC34C)C1CCC2=O,GIVROT,CHO
GIWCUL,2.0502,N1C=CC=C1C(c1ccncc1)=C1C=CC=N1,GIWCUL,CHN
GODDUZ,2.7040,COC(OC)C(C(O)C(Cc1ccccc1)NC(=O)OC(C)(C)C)N(=O)=O,GODDUZ,CHON
GOFRID,3.2486,COc1cccc(C=NCCN=Cc2cccc(OC)c2)c1,GOFRID,CHON
GOFTAX,3.7821,OC(=O)C12CCC(=O)CC1c1ccccc1CC2,GOFTAX,CHO
GOFVIH,2.9629,Cc1cccc(Oc2cnc3ccccc3n2)c1,GOFVIH,CHON
GOFVUT,2.7037,COC(N(NC(=O)c1ccccc1O)C(C)=O)C1=Cc2ccccc2N1C,GOFVUT,CHON
GOJDOY01,2.3770,CC1=C(C=C(C)N(=O)=O)c2ccccc2N1,GOJDOY01,CHON
GOJQUS,3.8383,Cc1cc(C)c(C(O)=O)c(C)c1CCCCc1c(C)cc(C)c(C(O)=O)c1C,GOJQUS,CHO
GOKMOJ,2.3648,CCC1=C(C)Nc2c(ccc3cccnc23)C1=O,GOKMOJ,CHON
GOKSOP,3.7381,CC(=O)Oc1c(C)c(C)c2OC(C)(C)CCc2c1c1c2CCC(C)(C)Oc2c(C)c(C)c1OC(C)=O,GOKSOP,CHO
GOLWEK,2.3074,CC(C)Cc1ccc(cc1)C(C)C(=O)NN=C(C)c1ccc(cc1)N(=O)=O,GOLWEK,CHON
GOLZUD,4.3766,Cc1cccc(C)c1NC(=O)CCC(O)=O,GOLZUD,CHON
GOMQOP,4.3771,CC1=CCCC2(C)OC2CC(C)(C)C=CC1O,GOMQOP,CHO
GUDKIA,2.6950,COc1ccc(cc1)C(=O)CC1=NN2C=Nc3ccccc3C2=NC1=O,GUDKIA,CHON
GUDWIM,3.8562,CC1OC2(CCCCC2(NOCc2ccccc2)c2ccccc2)OC1C,GUDWIM,CHON
GUFGEU,2.2015,Cc1ccnc(c1)c1cc(ccn1)C=Nc1ccccc1O,GUFGEU,CHON
GUFPIG,0.0000,Cc1ccc(cc1)C=NC1CC(C)(C)N([O])C(C)(C)C1,GUFPIG,CHON
GUGLUQ,4.0896,COC(=O)C1(C)C2OC(=O)C1(C)C(O)C=C2,GUGLUQ,CHO
GUGXUC,3.7419,CCC(CC)(CC)C(N=[N+]=[N-])C(=O)N1C(COC1=O)Cc1ccccc1,GUGXUC,CHON
GUGZIS,2.6278,COC(=O)C(Cc1cc(c(O)c(c1)C(C)(C)C)c1ccc(cc1)C(C)=O)NC(=O)OC(C)(C)C,GUGZIS,CHON
GUHDAP,2.7366,COC(=O)C1C(C(=O)OC)C1(C(=O)c1ccccc1)C(=O)c1ccccc1,GUHDAP,CHO
GUQLIO,1.4148,CCCCc1c2cccc3C#Cc4cc(cc5c(cc(cc45)C(C)(C)C)C#Cc4cccc5c(CCCC)c6cccc(C#Cc7c8ccccc8c(C#Cc8cccc1c8cc23)c1ccccc71)c6cc45)C(C)(C)C,GUQLIO,CH
GUSRIV,2.6890,CN(C)C=CC(=O)c1ccccc1O,GUSRIV,CHON
GUTCED,5.8010,C1C2CC34CC5CC67CC8CC1(C36)C1C3(C2)CC2CC1(C8)C7C(C5)(C2)C43,GUTCED,CH
GUTCIH,5.7389,C1C2CC3C4CC56C7CC8CC9C7CC7C%10CC(C2)(C(C14)C57)C3C6(C8)C9%10,GUTCIH,CH
GUTDAA,5.6846,C1C2CC34CC5CC6C3C1C1C3CC7C8CC9CC7C(C5)(C63)C4(C9)C18C2,GUTDAA,CH
GUVJOX,5.0070,C1CC2CN3C(C2C1)N1CC2CCCC2C1N1CC2CCCC2C31,GUVJOX,CHN
GUWZAA,3.1159,C(CCN=C(c1ccccc1)c1ccccn1)CN=C(c1ccccc1)c1ccccn1,GUWZAA,CHN
GUXJAK01,4.5520,,,CHN
GUZSAW,2.9286,CC1(C(OC1=O)c1ccc(cc1)N(=O)=O)c1ccccc1,GUZSAW,CHON
GUZSEA,2.8130,O=C1OC(c2ccc(cc2)N(=O)=O)C1(c1ccccc1)c1ccccc1,GUZSEA,CHON
HACGUN01,1.8066,CC(C)C1=C(O)C(=O)C2=C(CCC3C(C)(C)CCCC23C)C1=O,HACGUN01,CHO
HACHIC,3.5213,CC1(C)CC(OC(=O)C23CCC(C)(C(=O)O2)C3(C)C)C2OC2(C)C1=O,HACHIC,CHO
HACRAG,3.8337,CCOC(=O)CCC(COC)NC(=O)c1ccc(OC)cc1,HACRAG,CHON
HACREK,3.8006,COc1ccc(COCC2=C3COCC(O)C(N3N=N2)c2ccccc2)cc1,HACREK,CHON
HADLEF,2.7709,O=C(CC1CCCC1CC(=O)c1ccccc1)c1ccccc1,HADLEF,CHO
HADPAF,2.1098,C(N1c2ccccc2C=C2c3ccccc3N=C12)c1ccccc1,HADPAF,CHN
HADZET,2.2929,C1=CN(N=C1)C(N1C=CC=N1)c1cccc2cc3cccc(C(N4C=CC=N4)N4C=CC=N4)c3cc12,HADZET,CHN
HAFPEK,2.8916,O=CN1N=C(CC1c1ccccc1)c1ccccc1,HAFPEK,CHON
HAFROX,3.1056,CC(C)(C)C(=O)OC1=C(CC2=CC=CO2)C(Oc2ccccc12)c1ccccc1,HAFROX,CHO
HAGVIW,2.9681,CCC1(CCC(C)(C)c2cc(C)c(cc12)C(C)=O)OO,HAGVIW,CHO
HAKPAL,1.8858,O=C1c2ccc(cc2C(=O)c2cc(ccc12)C#Cc1ccccc1)C#Cc1ccccc1,HAKPAL,CHO
HAKZEA,1.7095,COC(=O)C1=C(C2C3CC(C12)c1c(OC)c2ccccc2c(OC)c31)C(=O)OC,HAKZEA,CHO
HALMUE,2.7987,CC(=O)OC1COC(Nc2ccc(cc2)N(=O)=O)C(OC(C)=O)C1OC(C)=O,HALMUE,CHON
HALQOB,3.4686,OC1COC(OCc2ccccc2)C(O)C1OC(=O)c1ccccc1,HALQOB,CHO
HAMQIW,3.6587,CCOC(=O)C1=NOC(=C1C1(C)OCC(C)(C)CO1)CC12OCCN1C(=O)c1ccccc21,HAMQIW,CHON
HAMRUJ,5.0268,CC(=O)OC1OC(C(OC(C)=O)C(OC(C)=O)C1OC(C)=O)C(=O)OCC#C,HAMRUJ,CHO
HAWSEE,3.3623,CC1=NN(C=C1)C(=O)c1cccc(n1)C(=O)N1C=CC(=N1)C,HAWSEE,CHON
HAWTIJ,4.6967,CC(C)CC1NC(=O)N(CC2CCCCC2)C1=O,HAWTIJ,CHON
HAYHIZ01,2.2389,COc1ccc2CN(C)CCC34C=CC(=O)CC3Oc1c24,HAYHIZ01,CHON
HAYMAW,3.7051,CC1(C)OCC2C3CC4C(C2=O)C4(C)CCC13,HAYMAW,CHO
HAZKEZ,2.4730,O=C1N2c3ccccc3C(=O)C3=C2N(CCC3)c2ccccc12,HAZKEZ,CHON
HEGKEK,4.9254,COC1OC(CO)C(OC2OC(CO)C(O)C(O)C2O)C(O)C1O,HEGKEK,CHO
HEMKOZ,4.1587,COC(=O)C12C34CCCCCC53C3(CCCCCC143)C25C(=O)OC,HEMKOZ,CHO
HESKOF01,3.7507,CC(C)(C)c1cc(O)c(cc1O)C(C)(C)C,HESKOF01,CHO
HESYAG,1.9288,CCCC1(CCC)c2cc(ccc2c2ccc(cc12)N(=O)=O)N(C)C,HESYAG,CHON
HESYIO,1.8746,CCCC1(CCC)c2cc(ccc2c2ccc(cc12)N(=O)=O)N1CCCCC1,HESYIO,CHON
HEWLOL01,2.2158,c1ccc(cc1)c1nnc(nc1c1ccccc1)c1ccccn1,HEWLOL01,CHN
HEWVIP,2.6972,COC(=O)CNC(=O)C(NC(=O)CNC(=O)C(NC(=O)CNC(=O)OC(C)(C)C)=Cc1ccccc1)=Cc1ccccc1,HEWVIP,CHON
HEZWAL,3.0247,NC1=NC(=O)N(C=C1C1=CC=CO1)C1CC(O)C(CO)O1,HEZWAL,CHON
HIBBIE,5.0558,CC1(C)CC(O)C(C)(O)CCC2OC2(C)C(O)C2OC12,HIBBIE,CHO
HIBDIG,3.1361,CCC(C(=O)C1=CC=CN1)C(=O)C1=CC=CN1,HIBDIG,CHON
HIBDOM,3.1358,CCC(CC)(C(=O)C1=CC=CN1)C(=O)C1=CC=CN1,HIBDOM,CHON
HIBDUS,2.9969,CN1C=CC=C1C(=O)CC(=O)C1=CC=CN1C,HIBDUS,CHON
HIBJEI,4.0575,OC1CCCC2=CCN3N(C12)C(=O)N(C3=O)c1ccccc1,HIBJEI,CHON
HIFCIJ,3.5262,C1CNc2ccccc2N1,HIFCIJ,CHN
HIFSUL,1.3978,O=NC1(COCOC1)OC(=O)c1ccccc1,HIFSUL,CHON
HIGZED,2.1272,CC(C)(C)c1ccc(cc1)C=C1C=CC=C1,HIGZED,CH
HIJZOQ,2.4608,CCOC1ON2OC(C)C3=C(C2C1C)c1ccccc1OC3=O,HIJZOQ,CHON
HISGOG,2.4769,COc1c(O)c2Oc3cccc(O)c3C(=O)c2c(CC=C(C)C)c1OC,HISGOG,CHO
HISQAC,4.2906,c1ccc(cc1)C1C(C(C(C(C1c1ccccc1)c1ccccc1)c1ccccc1)c1ccccc1)c1ccccc1,HISQAC,CH
HIVSOV,3.9533,CC(=C)C1CCC2=CC(CC3(C)CC4OC(O)(CC4O3)C1)OC2=O,HIVSOV,CHO
HIXDUO,3.2426,COC(=O)C1(CC2C(=Cc3c(cccc3C2(C)C)c2ccccc2)C1)C(=O)OC,HIXDUO,CHO
HIXLOQ,3.7672,Nc1ccccc1C(N1C=CC=N1)(N1C=CC=N1)N1C=CC=N1,HIXLOQ,CHN
HIYCUN,3.1296,CC1=CC(OC=C2C3CCCC3OC2=O)OC1=O,HIYCUN,CHO
HIYROX,2.2134,COC1(C)OC2C(COC(OCc3ccccc3)C2OC1(C)OC)OC(=O)c1ccc(cc1)N(=O)=O,HIYROX,CHON
HNIDPA01,2.2422,O=N(=O)c1cc(c(Nc2c(cc(cc2N(=O)=O)N(=O)=O)N(=O)=O)c(c1)N(=O)=O)N(=O)=O,HNIDPA01,CHON
HODDIO,2.2304,COc1cccc(C=Nc2ccccc2N)c1O,HODDIO,CHON
HODFAI,2.7029,Cc1ccc2NC3=C(CCCCC3=O)c2c1,HODFAI,CHON
HODKOB,3.0297,O=Cc1ccc2OCCOCCOCCOCCOc2c1,HODKOB,CHO
HODXUU,2.8360,CCc1ccccc1N1C(=O)c2ccccc2C1=O,HODXUU,CHON
HOFDOV,2.5864,CN(c1cc[n+]([O-])cc1)N(=O)=O,HOFDOV,CHON
HOFJES,3.2342,CC(=C)C(=O)Oc1ccc(cc1)N(=O)=O,HOFJES,CHON
HOGPID,3.0091,COC(=O)C1CCCC2(C)CCC(OC(=O)Nc3cccc4ccccc34)C12,HOGPID,CHON
HOGPOJ,2.9778,COC(=O)C1C2C(CCC2(C)CCC1(C)C)OC(=O)Nc1cccc2ccccc12,HOGPOJ,CHON
HOGPUP,3.0091,COC(=O)C1C(C)CCC2(C)CCC(OC(=O)Nc3cccc4ccccc34)C12,HOGPUP,CHON
HOGQAW,3.0110,COC(=O)C1C(CCC2(C)CCC(OC(=O)Nc3cccc4ccccc34)C12)C(C)C,HOGQAW,CHON
HOHCOX,3.8124,OCN1N=CC(=N1)c1ccccc1,HOHCOX,CHON
HOHDOY,3.8629,CC(C)C1CC(=O)C2CC3OC3(CO)CCC12C,HOHDOY,CHO
HOHJOE,3.9393,OC(C1CCC(=O)N1Cc1ccccc1)c1ccccc1,HOHJOE,CHON
HOHJUK,4.1575,OC(CCC(=O)NCc1ccccc1)C(O)c1ccccc1,HOHJUK,CHON
HOHMAT,4.0086,CNC(=O)C(NC(=O)C1(CCCC1)NC(=O)C(C)(C)C)C(C)C,HOHMAT,CHON
HOJVEI,3.4976,CC(N1c2ccccc2CCC1(CCc1ccc2OCOc2c1)C#N)c1ccccc1,HOJVEI,CHON
HOJVUY,0.0000,O=C(c1ccccc1)c1ccc(cc1)C#CC#Cc1ccc(cc1)C(=O)c1ccccc1,HOJVUY,CHO
HOKZEN,4.4585,CC(C)(C)C1C(C(=O)OC1=O)C(C)(C)C,HOKZEN,CHO
HOLBAM01,3.2271,O=CC1=CN(Cc2ccccc2)c2ccccc12,HOLBAM01,CHON
HOLJIC,2.1343,O=N(=O)c1ccc(NN=C2CCCCCC2)c(c1)N(=O)=O,HOLJIC,CHON
HOLVAG01,2.5132,CCOc1cccc(C=NCC(C)N=Cc2cccc(OCC)c2O)c1O,HOLVAG01,CHON
HONHEY,3.0328,Cc1ccc(nc1)N(c1ccc(C)cn1)c1ccc(C)cn1,HONHEY,CHN
HOPLOO,4.0470,CCCCC12c3ccccc3C(CCCC)(c3ccccc13)c1ccccc21,HOPLOO,CH
HOPNAC,3.2396,CC(C)c1cccc(C(C)C)c1N1Cc2ccccc2N2CCCC12,HOPNAC,CHN
HOPNEG,3.1939,C1Cc2ccccc2C2N1c1ccccc1CN2c1ccccc1,HOPNEG,CHN
HOPQUZ,1.5533,CN1CCC2(CC1)OC(=O)c1cccc(N=Nc3cc(cc(c3)C(C)(C)C)C(C)(C)C)c21,HOPQUZ,CHON
HOQRAH,4.3466,COC(=O)C1(CC1c1ccccc1)C(O)(C(C)C)C(C)C,HOQRAH,CHO
HOTFIG,2.2455,O=C(OC(=O)c1ccccc1Nc1ccccc1)c1ccccc1Nc1ccccc1,HOTFIG,CHON
HUDTEG,3.4681,OC(=O)C1CC(=O)NC(N1C(=O)C=C)c1ccccc1,HUDTEG,CHON
HUDXEK,3.3315,Cc1ccccc1NC(=O)c1ccccc1C,HUDXEK,CHON
HUDYEL,2.8009,CC(C)Cc1ccc(cc1)C(C)C(=O)NN=Cc1ccccc1O,HUDYEL,CHON
HUFBAM,2.0580,CCCCCCCOc1cc(c(OCCCCCCC)cc1N(=O)=O)N(=O)=O,HUFBAM,CHON
HUFKAV,2.4476,CC(C)=CCc1c(O)c(CC=C(C)C)c2Nc3c(O)cccc3C(=O)c2c1O,HUFKAV,CHON
HUFMAX,3.8324,C=CCOc1ccc2C3CCCc4c(OCC=C)ccc(C5CCCc1c25)c34,HUFMAX,CHO
HUFNIG,4.5009,CC1(C)CCC(O)C23COC(O)(C(O)C12)C12C(O)C(CCC31)C(=C)C2O,HUFNIG,CHO
HUFWUB,3.8859,CC(C)(C)OC(=O)N1CCC2=C(C1)C(=O)NN2,HUFWUB,CHON
HUGREH,2.2321,COC1Oc2ccccc2C(=O)C1=CNc1cc(OC)c(OC)c(OC)c1,HUGREH,CHON
HUGZOZ,2.3383,C1Oc2cc3c(ccc4ccc5ccc6cc7c(OCc8ccccc78)cc6c5c34)cc2c2ccccc12,HUGZOZ,CHO
HUHJUQ,4.1922,CN1C2CC3(C)C(=O)OC1(C)C3(C)NC2=O,HUHJUQ,CHON
HUJLII,0.3096,CC(CO)N=Cc1cc(ccc1O)c1cccc2cccc(c3ccc(O)c(C=NC(C)CO)c3)c12,HUJLII,CHON
HUJLOO,2.6501,CC(CO)N=Cc1cc(ccc1O)c1cccc2cccc(c3ccc(O)c(C=NC(C)CO)c3)c12,HUJLOO,CHON
HUJLUU,2.6532,CCC(CO)N=Cc1cc(ccc1O)c1cccc2cccc(c3ccc(O)c(C=NC(CC)CO)c3)c12,HUJLUU,CHON
HUKWOZ,4.0857,CC1(C)OC2OC(C(OCc3ccccc3)C2O1)C1C=CCC2C1C(=O)N(C2=O)c1ccccc1,HUKWOZ,CHON
HULBOG,2.2232,COc1cc2CCC(=O)C=C(C#CC(C)(C)C)c2cc1OC,HULBOG,CHO
HULCAT,3.7407,CC(C)(C)C#CC12CCCCC(=O)C1C1C(=O)CCCCC21C#CC(C)(C)C,HULCAT,CHO
HULCOH,3.3939,COc1cc2CCC(=O)C3CC(C)(C(C)=C)C3(C#CC(C)(C)C)c2cc1OC,HULCOH,CHO
HULDEY,3.3621,CC1C2CCC3(C)C=CC=C(C)C3C2OC1=O,HULDEY,CHO
HUNMAF,2.7119,CC=C(C(C(=O)c1ccccc1)C(=O)c1ccccc1)c1ccccc1,HUNMAF,CHO
HUSCOO,4.1470,COC(=O)C1CC(C(NC(=O)OC(C)(C)C)c2ccccc2)C(=O)N1C(=O)OC(C)(C)C,HUSCOO,CHON
HUSCUU,4.2167,COC(=O)C1CC(C(NC(=O)OC(C)(C)C)C(=O)OC)C(=O)N1C(=O)OC(C)(C)C,HUSCUU,CHON
HUVCUX,3.6513,OC1(C2CCCCC2=O)C(=O)Nc2ccccc12,HUVCUX,CHON
HUVDIM,4.1458,CC(C)(C)OC(=O)NCC1ON(C(CO)C=C1)C(=O)OC(C)(C)C,HUVDIM,CHON
HUVGOV,3.1781,Nc1ncnc2N(C=Nc12)C1CC(N=[N+]=[N-])C(CC#C)O1,HUVGOV,CHON
HUVVEA,3.5673,O=C1NC(=O)C2(O1)N(Cc1ccccc1)C(=O)c1ccccc21,HUVVEA,CHON
HUVXIG,3.5923,CC1(C)OCC(O1)C1CCC2C(CC3C=CC(=O)OC23)C=C1,HUVXIG,CHO
HUWNAP,3.9404,COC(=O)C1C2C=CCCC2C(=O)N(C1c1ccccc1)c1ccccc1,HUWNAP,CHON
HUYMUK,2.4994,O=N(=O)c1ccc(cc1)c1c(cc(cc1c1ccccc1)c1ccccc1)c1ccccc1,HUYMUK,CHON
HUYZUW,1.9126,Cc1ccccc1C1=C2C(=O)N(C(=O)OC(C)(C)C)C(=C2C(=O)N1C(=O)OC(C)(C)C)c1ccccc1C,HUYZUW,CHON
HUZBAF,1.9515,CC(C)(C)OC(=O)N1c2ccccc2C(=O)c2cc3N(C(=O)OC(C)(C)C)c4ccccc4C(=O)c3cc12,HUZBAF,CHON
HXPRDO01,3.5028,CC(=O)C1CCC2C3CCC4CC(O)CCC4(C)C3C(=O)CC12C,HXPRDO01,CHO
IBABIX,3.6519,COC(C1C(C(=O)OC)C(ON1C)=CC(=O)OC)c1ccccc1,IBABIX,CHON
IBABOD,3.4487,COC(=O)C=C1ON2C(CCC2(C)c2ccccc2)C1C(=O)OC,IBABOD,CHON
IBAFAU,2.0417,Cc1cc(C)cc(c1)c1ccc(nc1)N=C1NC(=Nc2ccc(cn2)c2cc(C)cc(C)c2)c2cc(C)c(C)cc12,IBAFAU,CHN
IBORUN,4.3104,CC1CC(N2C(=O)CCC12O)c1ccccc1,IBORUN,CHON
IBUKIB,1.6972,c1ccc(cc1)N=C1c2ccccc2N=C1C1=Nc2ccccc2C1=Nc1ccccc1,IBUKIB,CHN
IBULEX,4.1868,COCC(N1C(C(C=C)C1=O)c1ccccc1)c1ccccc1,IBULEX,CHON
IBUZUB,5.1810,O=C1CCCCC(=O)OCCC=CCCO1,IBUZUB,CHO
ICESIU,1.9366,CC(C)(C)C1=C(C=C2NC(=O)C(=Cc3ccccc3)N=C2OCOC(=O)CCCC#C)N=CN1,ICESIU,CHON
ICOLOC01,4.6430,COC(=O)C1(CCC(CC1)(NC(=O)OCc1ccccc1)C(=O)OC)NC(=O)OCc1ccccc1,ICOLOC01,CHON
ICUZUC,3.1770,CCOC(=O)C1=C(N)OC2=C(C(=NN2c2ccccc2)C)C21C(=NN(C2=O)c1ccccc1)C,ICUZUC,CHON
IDAKII,3.0470,C1CCc2c(C1)ccc1ccc3ccc4CCCCc4c3c21,IDAKII,CH
IDEBUP,3.2650,CCOC(=O)C(NC(=O)OCc1ccccc1)C(C(C)C)c1ccc2c(NC=C2C=O)c1,IDEBUP,CHON
IDEFED,2.2624,CC(C)(C)C1Cc2ccc3ccccc3c2C1=C1c2ccccc2c2ccccc12,IDEFED,CH
IDILEM,3.2479,CC(C)(C)C1=NN(c2ccccc2)C(=C1CN1N=Nc2ccccc12)N,IDILEM,CHN
IDUGIY,3.0981,COc1ccc(cc1)C1=Nc2ccccc2N1,IDUGIY,CHON
IDUKIC,1.9974,C1N2C=C(C=CC3=CN(Cc4cccc1n4)c1ccccc31)c1ccccc21,IDUKIC,CHN
IFAJOP,3.5570,CC1C2C(=O)CC3C2(C)CCC3(C(C)C(O)=O)C1=O,IFAJOP,CHO
IFIFUY,3.7649,CN(C(Cc1ccc(OCc2ccccc2)cc1)C(O)=O)C(=O)OC(C)(C)C,IFIFUY,CHON
IFIJIR,3.5815,CCC(C)c1cccc(C(C)CC)c1N(C)C(=O)Nc1ccccc1,IFIJIR,CHON
IFIJOX,3.4106,CC(C)C(O)c1cccc(c1N(C)C(=O)Nc1ccccc1)C(C)(C)C,IFIJOX,CHON
IFOBOV,3.4602,COc1cccc2CC3N(CC(O)C=C3c12)C(=O)OCc1ccccc1,IFOBOV,CHON
IFOSEC,3.3307,CC1=CCC2(C)CC(=O)C3(C)CCC(=O)C3C2CC1,IFOSEC,CHO
IFOTIH,3.4060,C=CCC(N1N=Cc2ccccc12)C1=CNc2ccccc12,IFOTIH,CHN
IFOTON,3.3143,C=CCC(N1N=Nc2ccccc12)C1=CNc2ccccc12,IFOTON,CHN
IFOVOO03,5.0159,COC1OC(CO)C(OC2OC(CO)C(OC)C(O)C2O)C(O)C1O,IFOVOO03,CHO
IFUCOC,2.3158,Cc1cc(C)c(c(C)c1)C(=CC(=O)c1ccccc1)c1c(C)cc(C)c(C#CC(=O)c2ccccc2)c1C,IFUCOC,CHO
IFUCUI,2.5818,COc1ccc(cc1)C(=CC(C)=O)c1c(C)c(C)c(C)c(C)c1C,IFUCUI,CHO
IFUNUT,2.1533,COC(=O)c1ccc(CN2C=C(C=C3N4CCC(CC4)C3=O)c3ccccc23)cc1,IFUNUT,CHON
IFUXOX,1.8525,CC(C)(C)c1ccc(O)c(c1)N=Nc1ccccc1C(O)=O,IFUXOX,CHON
IGABUO,3.0026,O=C(OC1CCCCC1OC(=O)c1ccc(cc1)N(=O)=O)c1ccc(cc1)N(=O)=O,IGABUO,CHON
IGAJUW,2.4831,O=C(Nc1ccccc1C=Cc1ccc(cc1)c1ccccc1)C1=CC=CO1,IGAJUW,CHON
IGUWAJ,4.4162,CC1=NN(C(CC(O)=O)N2N=C(C)C=C2C)C(=C1)C,IGUWAJ,CHON
IHOQUR,3.6352,COC1C2C(CCCC2C(=O)OC)CCC2(C)CCC(=O)C12,IHOQUR,CHO
IHORAY,3.6879,COC1C2C(CCCC2C(=O)OC)CCC2(C)CCC(=O)C12,IHORAY,CHO
IHUPIL,2.1195,COC(=O)C1=C2CCCN2C(=C1C(=O)OC)C(=NNc1ccccc1)C#N,IHUPIL,CHON
IJEFUY,3.9104,COc1cc2CCC3C4CCC(C3c2cn1)N4C(=O)OC(C)(C)C,IJEFUY,CHON
IJOBUE,2.6666,N#Cc1ccc(cc1)C(=CC(Cc1ccccc1)(C=C(c1ccccc1)c1ccccc1)C=C(c1ccccc1)c1ccccc1)c1ccc(cc1)C#N,IJOBUE,CHN
IJOCAL,3.2760,CC(C)=CC1(Cc2ccccc2)C(C=C(c2ccccc2)c2ccccc2)C1(c1ccccc1)c1ccccc1,IJOCAL,CH
IJUMEG,3.4079,OC(=O)c1cc(O)c(O)c(O)c1,IJUMEG,CHO
IJUMIK,2.5898,COc1ccc(OC)c2N3CCOC(=O)C3=Cc12,IJUMIK,CHON
IJUTEN,3.7409,O=C1OCCN1CCN1C(=O)N(CCN2CCOC2=O)c2ccccc12,IJUTEN,CHON
IKADED,3.3429,COC(=O)C(C)(C(=O)C(C#N)c1ccccc1)c1ccccc1,IKADED,CHON
IKADIH,4.4959,COC(=O)C(C)(C(C#N)c1ccccc1)c1ccccc1,IKADIH,CHON
IKADUU,2.6685,CC1(C)CC(=O)c2c(O)c3C=CC(=O)Oc3c(c2O1)C(C)(C)C=C,IKADUU,CHO
IKAKOV,1.6268,Oc1ccc(C=NNC(=O)c2ccc(cc2)N(=O)=O)c(O)c1,IKAKOV,CHON
IKAXEY,3.0442,CC(C)(C)OC(=O)COc1ccc(cc1)N(=O)=O,IKAXEY,CHON
IKAXIC,2.8806,CC(C)(C)OC(=O)COc1ccc2ccccc2c1Cc1c(OCC(=O)OC(C)(C)C)ccc2ccccc12,IKAXIC,CHO
ILABAZ,4.3406,CC1CCC2C(C1)c1c(O)cccc1C2(C)C,ILABAZ,CHO
ILUDEY,3.6253,O=C1COc2ncccc2N1Cc1ccccc1,ILUDEY,CHON
IMEZAB,1.8670,CN(C)C(=Nc1ccc(cc1)N=Nc1ccccn1)N(C)C,IMEZAB,CHN
IMONIH,3.4229,COC1OC2COC(OC2C(O)C1N(Cc1ccccc1)Cc1ccccc1)c1ccccc1,IMONIH,CHON
IMUKIL,3.4103,C=C(c1ccccc1)C12C=CCC3CCCCC13CC2=O,IMUKIL,CHO
IMURIR,2.5018,COc1ccc(CCN2C(=O)COC3=C2C=NN(C2CCCCO2)C3=O)cc1OC,IMURIR,CHON
INEPEW,3.0766,COc1ccc(C=C2C(O)C3CCN2CC3)c(OC)c1,INEPEW,CHON
INEREY,3.4008,CC12OC(C3CCC(=O)C13)C(=O)C12CCC1,INEREY,CHO
IPACIM,3.5784,COC1(COC(=O)c2ccccc2)OCC(OC(=O)c2ccccc2)C1OC(=O)c1ccccc1,IPACIM,CHO
IPEXIL,2.8733,CN1c2ccccc2N=C1N1C=C(N=N1)C1=Nc2ccccc2N1C,IPEXIL,CHN
IPUQAL,1.4052,CCCCCCCCOc1cc(OCCCCCCCC)c(cc1NC(=O)c1ccc(c(OC)c1OC)N(=O)=O)C(=O)Nc1cc(C)ccc1OC,IPUQAL,CHON
IQABEI,2.1390,CCCCCCCCc1ccc2c(c1)c1ccc3c4cc(CCCCCCCC)ccc4c4c5ccc(CCCCCCCC)cc5c5ccc6c7cc(CCCCCCCC)ccc7c2c2c1c3c4c5c62,IQABEI,CH
IQAMIX,3.8232,CCOC(=O)C(C)(C)C1(OC(C2COC(C)(C)O2)C2OC(C)(C)OC12)N=[N+]=[N-],IQAMIX,CHON
IQAMOD,4.0257,CCOC(=O)C(C)(C)C1(OC(C2COC(C)(C)O2)C2OC(C)(C)OC12)N=[N+]=[N-],IQAMOD,CHON
IQAMUJ,3.4148,CN(C)C(=O)c1ccc(cc1)C(=O)N(C)C,IQAMUJ,CHON
IQAROI,3.6383,COc1cccc2C(OC(Oc3ccccc3)(c3ccccc3)c12)=NC(C)(C)C,IQAROI,CHON
IQEXAE,4.3872,CC(=O)OC1CC(O)C(O)C(OCc2ccccc2)C1NC(=O)OC(C)(C)C,IQEXAE,CHON
IQILAW,4.0601,ONC(=O)CCCCCCC(=O)Nc1ccccc1,IQILAW,CHON
IQUJEK,4.6278,CC(C)(CO)N1C=NN=N1,IQUJEK,CHON
IRABEJ,1.8321,N#CC(C#N)=C1C=C(c2ccccc2)C2(C1C1C(C2C(=C1c1ccccc1)c1ccccc1)=C(C#N)C#N)c1ccccc1,IRABEJ,CHN
IRABOT,1.3124,N#CC(C#N)=C1C(=C(c2ccccc2)C(=C1c1ccccc1)c1ccccc1)c1ccccc1,IRABOT,CHN
IRABUZ,2.3335,OC1(CC(C=C1c1ccccc1)=C(C#N)C#N)c1ccccc1,IRABUZ,CHON
IREJIZ,2.9911,CC1(C)OCC2(O1)C(O)C(C(C1OC(C)(C)OC21)N(=O)=O)C1=CC=CO1,IREJIZ,CHON
IRIHAT,3.1384,CCC=C1C(=O)N(CCC2=CNc3cccc1c23)Cc1ccc(OC)cc1,IRIHAT,CHON
IRIVEL,2.7080,CCCCCCOC(=O)c1cc(nc2ccccc12)c1cc(C(=O)OCCCCCC)c2ccccc2n1,IRIVEL,CHON
IRUXEZ,1.3002,OC1CCC(CC1N1C(=O)c2ccccc2C1=O)Nc1ccccc1,IRUXEZ,CHON
IRUXUP,2.8192,COC(=O)C1=CCC2CC3=C(CCCC3=O)OC2(C)CC=C1C(=O)OC,IRUXUP,CHO
ISOSEP,3.6670,COC1C(C)C2C(C(C(=O)OC)C3=C2c2ccccc2O3)c2ccccc12,ISOSEP,CHO
ISOWET,3.1486,O=C(NCCN(CCNC(=O)Nc1ccc(cc1)C#N)CCNC(=O)Nc1ccc(cc1)C#N)Nc1ccc(cc1)C#N,ISOWET,CHON
ISOWIX,3.9516,COC(=O)C1c2cc(cc(Cc3cc(cc(Cc4cc(cc(Cc5cc(cc1c5OC)C(C)(C)C)c4OC)C(C)(C)C)c3OC)C(C)(C)C)c2OC)C(C)(C)C,ISOWIX,CHO
ITEGET,0.0000,OC12C(COc3cc4OCOc4cc13)Oc1c3OCOc3ccc1C2=O,ITEGET,CO
ITINOO,3.0727,O=C(OC(CN=[N+]=[N-])(CN=[N+]=[N-])CN=[N+]=[N-])c1cc(cc(c1)C(=O)OC(CN=[N+]=[N-])(CN=[N+]=[N-])CN=[N+]=[N-])C(=O)OC(CN=[N+]=[N-])(CN=[N+]=[N-])CN=[N+]=[N-],ITINOO,CHON
ITOLOT,3.7735,CC1CCCCC2C(CC(=O)O1)C(O)CCC2=O,ITOLOT,CHO
ITOLUZ,2.7307,CC1CCCCC2C(CC(=O)O1)C(O)C=CC2=O,ITOLUZ,CHO
ITUCOQ,1.8023,CCC1=C(C)C2=CC3=CC=C(O3)C=C3C=C(C=C4N=C(C=C1N2)C(=C4C)CC)c1ccccc31,ITUCOQ,CHON
ITUDAD,1.5614,CCCC(C=O)=CC1=CC=C(O1)C=C1C=C(C=O)c2ccccc12,ITUDAD,CHO
ITUNAN,1.8400,CCc1cc2OCOc2cc1C1C(=O)C=CC21CCCN2c1ccc(OC)cc1,ITUNAN,CHON
IVAFAN,3.3915,CN1C2CC(=C3C4=C5COCC65C=CC(CC4(C)C43COCC4(C=C2)C1=O)N(C)C6=O)C,IVAFAN,CHON
IVAFER,3.5324,CN1C=CC2C(C)(C#C)C3COCC23C1=O,IVAFER,CHON
IVASAA,3.1924,N#Cc1ccc(cc1C#N)c1ccccc1,IVASAA,CHN
IVEFOF,2.8355,COc1ccc(C=NCC2=CC=C(C)O2)cc1O,IVEFOF,CHON
IVICOG,3.5275,CC1=CC(=C(O1)OC(=O)Oc1ccccc1)c1ccccc1,IVICOG,CHO
IVINOR,1.5025,COc1cc2CC3CCC(CC3(c3ccccc3)c2c(OC)c1)OC(=O)c1ccc(cc1)N(=O)=O,IVINOR,CHON
IVINUX,1.6389,COc1cc2CC3CCC(CC3(c3ccccc3)c2c(OC)c1)OC(=O)c1ccc(cc1)N(=O)=O,IVINUX,CHON
IVIQOU,1.6579,CCC1(CC)CC(C)(C)C2=C1C(=O)C1=C(C2=O)C(C)(C)CC1(CC)CC,IVIQOU,CHO
IVOGIK,3.7345,Cc1ccccc1CNc1ncnc2N=CNc12,IVOGIK,CHN
IWANID,0.0000,[NH3+]C(Cc1ccc(O)cc1)C(=O)NC(C)C(=O)NC(Cc1ccccc1)C(=O)[O-],IWANID,CHON
IWATIJ,4.0871,CCc1c(C)c(nc(C(C)C)c1C)C(C)C,IWATIJ,CHN
IWIGAX,2.4711,O=C1CCN2C(=O)N(C(=O)c3ccccc23)c2ccccc2C1=O,IWIGAX,CHON
IWIGIF,2.3601,O=C1CCCN2C(=O)N(C(=O)c3ccccc23)c2ccccc2C1=O,IWIGIF,CHON
IWIGOL,2.3879,Cc1cccc2C(=O)C(=O)CCCN3C(=O)N(C(=O)c4ccccc34)c12,IWIGOL,CHON
IWIGUR,2.2849,COc1ccc2N3CCCC(=O)C(=O)c4cccc(C)c4N(C3=O)C(=O)c2c1,IWIGUR,CHON
IWONOY,2.1678,CC(C)COC(=O)c1ccc(NC(=O)c2ccc(c(OCC(C)C)c2)N(=O)=O)c(OCC(C)C)c1,IWONOY,CHON
IWONUE,2.2414,CC(C)COc1cc(ccc1NC(=O)c1ccc(c(OCC(C)C)c1)N(=O)=O)C(O)=O,IWONUE,CHON
IWOPAM,2.2227,COC(=O)c1ccc(NC(=O)c2ccc(c(OC(C)C)c2)N(=O)=O)c(OC(C)C)c1,IWOPAM,CHON
IWOPEQ,2.1857,CCC(CC)COc1cc(ccc1NC(=O)c1ccc(c(OCC(CC)CC)c1)N(=O)=O)C(=O)OC,IWOPEQ,CHON
IWOPIU,2.2053,CC(C)OC(=O)c1ccc(NC(=O)c2ccc(c(OC(C)C)c2)N(=O)=O)c(OC(C)C)c1,IWOPIU,CHON
IWOPOA,2.7051,COC(=O)c1ccc(NC(=O)c2cccc(C(=O)Nc3ccc(cc3OCC(C)C)C(=O)OC)c2OC)c(OCC(C)C)c1,IWOPOA,CHON
IXAHIY01,3.4929,ON(CCc1ccccn1)CCc1ccccn1,IXAHIY01,CHON
IXEQIM,2.2572,C(N1C=C(N=N1)c1ccccn1)c1c2ccccc2cc2ccccc12,IXEQIM,CHN
IXESEK,2.2164,C(N1C=C(N=N1)c1c2ccccc2cc2ccccc12)c1ccccn1,IXESEK,CHN
IXOGAD01,2.8981,O=N(=O)c1ccc(Oc2ccc(cc2)N(=O)=O)cc1,IXOGAD01,CHON
IYIYOF,2.4312,COC(=O)C(Nc1ccc(cc1N(=O)=O)N(=O)=O)C(O)C(C)C,IYIYOF,CHON
IYOMOZ,2.3110,O=C(OCc1cc2OCCOCCOCCOCCOc3cc(COC(=O)c4ccccn4)cc(OCCOCCOCCOCCOc(c1)c2)c3)c1ccccn1,IYOMOZ,CHON
IYUKIX,3.5126,COc1ccc(cc1)C(=O)OCC1CN1c1ccc(cc1)C#N,IYUKIX,CHON
IYUXIK,2.9140,CNC(=O)C(NC(C)=O)=Cc1ccccc1,IYUXIK,CHON
IZAKAV,3.7938,O=C1NC2C(N(CCN2N(=O)=O)N(=O)=O)N1N(=O)=O,IZAKAV,CHON
IZICAW,2.9586,CN1C(=O)C23OC4C(C(=O)C(C=O)(c5cccc1c25)C(C)(C=C)C4=O)C3(C)C,IZICAW,CHON
IZINIO,3.4770,COc1cc2C3c4cc(OC)c(OC)cc4C4c5cc(OC)c(OC)cc5C(c2cc1OC)C34C,IZINIO,CHO
JACZIX,3.3715,CC(O)C1(C(C)O)C23CCCC12C=CC=C3,JACZIX,CHO
JAKWUO,2.6391,COC(=O)c1ccc(cc1)C(=O)C1C(COCc2ccccc2)C1COCc1ccccc1,JAKWUO,CHO
JANYON01,4.8007,CC1(C)CC(C)(C2CCCO2)C2(OC(=O)OC12)c1ccccc1,JANYON01,CHO
JAPXUU,4.0448,COc1ccc2C3CC(C)(C)c4cc(OC)ccc4C3CC(C)(C)c2c1,JAPXUU,CHO
JAPYOP,4.6624,CC1C(CC(C)(C)c2ccccc12)c1ccccc1,JAPYOP,CH
JASJAP,5.1803,CC1CCC2(OC(=O)CC2C1)C(C)(C)O,JASJAP,CHO
JAVYUB,2.7954,Cc1cc(C)c(C=C(C#N)c2ccccc2)c(C)c1,JAVYUB,CHN
JAWTUX,2.0720,CN1c2cc(C)c(C)cc2N=C2C(=O)N(Cc3ccccc3)C(=O)N=C12,JAWTUX,CHON
JAXHEW,3.6167,CC(C)(C)c1ccc(cc1)c1ccccc1c1ccccc1c1ccc(cc1)C(C)(C)C,JAXHEW,CH
JAXHUM,3.1936,C1CCC2N=Cc3cccc(C=NC4CCCCC4N=Cc4cccc(C=NC2C1)n4)n3,JAXHUM,CHN
JAXJIC,1.9495,COc1ccc(cc1)C=C1N=C(N(C)C1=O)c1ccccc1,JAXJIC,CHON
JAXJOI,2.1881,COc1ccc(cc1)C=C1N=C(C)N(c2ccccc2)C1=O,JAXJOI,CHON
JAXMIF,5.0834,CC(=O)OC1C2CC3CC(C2)CC1(C3)OC(C)=O,JAXMIF,CHO
JAYFUL,5.1422,CC1OC(OC(C)=O)C(OC(C)=O)C(OC(C)=O)C1OC(C)=O,JAYFUL,CHO
JAYMUS,2.5959,COc1cc(OC)c2C(=O)C(=C(Oc2c1)c1ccccc1)OC,JAYMUS,CHO
JEDBUQ,5.9010,CC(CO)C(O)C(C)(C)C,JEDBUQ,CHO
JEDZEY,2.2651,,,CHON
JEFBEC,1.5805,N1C2=CC=C1C(=C1NC(=C(C3=CC=C(N3)C(=C3C=CC2=N3)c2ccccc2)c2ccccc2)C=C1)c1ccccc1,JEFBEC,CHN
JEJSOH,3.0737,O=C1Oc2ccccc2C2C(CC12C(=O)c1ccccc1)c1ccccc1,JEJSOH,CHO
JEKYAA,3.6954,CC(C)C(C(C#N)c1ccc2OCOc2c1)N1CCOCC1,JEKYAA,CHON
JEKYII,2.7513,CCC(C#N)(C(N1CCCCC1)c1cccc2ccccc12)c1ccccc1,JEKYII,CHN
JEKYOO,3.5698,CC(C)C(C(C#N)c1ccc2OCOc2c1)N(Cc1ccccc1)Cc1ccccc1,JEKYOO,CHON
JELQOH,2.8904,CC1CCC2(C)C(CC(=O)C=C2C)C1(C)CCC(C)=CC(O)=O,JELQOH,CHO
JELQUN,3.9593,CC1CCC2(C)C(CCC(O)C2(C)O)C1(C)CCC(C)=CC(O)=O,JELQUN,CHO
JEMLOD,1.7630,CC1(C)c2ccc3OCCOCCOc4ccc(cc4)N=Nc4cc1ccc4OCCOCCOc1ccc(cc1)N=Nc3c2,JEMLOD,CHON
JEMPOH,3.4782,CC(C)C(C(C#N)c1ccc2OCOc2c1)N(Cc1ccccc1)Cc1ccccc1,JEMPOH,CHON
JETFOE,1.8934,CCCCCCN1CCCc2cc(ccc12)C1=C(C#N)C(OC1(C)C)=C(C#N)C#N,JETFOE,CHON
JETGEV,1.3995,CCOCCCN1CCCc2c1ccc1cc(ccc21)C=CC1=C(C#N)C(OC1(C)C)=C(C#N)C#N,JETGEV,CHON
JETLIE,2.3727,Oc1ccccc1N=CC1=CC=CN1,JETLIE,CHON
JEWQOS,3.7165,CC#CCC12CCC3CC13CC(=O)CC2,JEWQOS,CHO
JEYNAD,2.1385,CN1C(=O)N=C2N(CC(OC(C)=O)C(OC(C)=O)C(COC(C)=O)OC(C)=O)c3cc(C)c(C)cc3N=C2C1=O,JEYNAD,CHON
JIMHIX,2.4329,CC1(CC1)C1(CC1)C1(CC1)OC(=O)c1cc(cc(c1)N(=O)=O)N(=O)=O,JIMHIX,CHON
JIMHOD,2.6184,CC1(CC1)C1(CC1)OC(=O)c1cc(cc(c1)N(=O)=O)N(=O)=O,JIMHOD,CHON
JIPDIW,3.7280,Cc1ccc2CCC3(C)CCC(=O)C3(C)c2c1,JIPDIW,CHO
JIPDOC,4.5184,COC12CC(C)C(C=NO)C3CCCC(CO1)C23COCc1ccccc1,JIPDOC,CHON
JIPWEL,3.1703,C1CN=Cc2cccc(C=NCCOCCN=Cc3cccc(C=NCCO1)n3)n2,JIPWEL,CHON
JIRSUZ,2.8655,CCOC(=O)C1=C(C)OC(=C(C#N)C1c1cccc2ccccc12)N,JIRSUZ,CHON
JIRTEK,1.8739,O=N(=O)c1cccc(C=CN2c3ccccc3c3ccccc23)c1,JIRTEK,CHON
JISXUF,1.2549,CC(C)(C)c1cccc2CCC3=CCC4=C(C3c12)C(=O)C=CC4=O,JISXUF,CHO
JITLOO,2.0160,O=Cc1ccc2c3ccc(cc3C3(c4ccccc4c4ccccc34)c2c1)N(c1ccccc1)c1ccccc1,JITLOO,CHON
JOCXIJ,3.7538,COC(=O)C1(C)CCC2(C)CCC3(C)C(=CCC4C5(C)CCC(=O)C5CCC34C)C2C1,JOCXIJ,CHO
JODLUK,2.1190,O=N(=O)c1ccc(NN=C2CCCCCCCCCCCC2)c(c1)N(=O)=O,JODLUK,CHON
JODMIZ,3.5976,CCOC(=O)CC(Cc1ccc2OCOc2c1)(C(=O)OC)C(=O)OC,JODMIZ,CHO
JODPUO,4.2055,COC(=O)C1CCC2(C)C(CC(O)C3(O)OC(CC1(C)C23)C1=COC=C1)C(=O)OC,JODPUO,CHO
JOFGAN,3.0969,N#Cc1ccc(cc1)C=NCCCN=Cc1ccc(cc1)C#N,JOFGAN,CHN
JOFROM,3.7448,OC1C(OC(=O)c2ccccc12)C1CCCCC1,JOFROM,CHO
JOGFAN,3.6677,CC(O)(C#Cc1ccccc1)c1ccccn1,JOGFAN,CHON
JOJKEY01,3.7411,CN1CCCC2=NN(C(=O)N2C1)c1ccccc1,JOJKEY01,CHON
JOJXEM,2.1403,O=C(C=C1c2ccccc2c2ccccc12)c1ccccc1,JOJXEM,CHO
JOKKOK,3.5497,CC1=C(OC(=O)Oc2ccccc2)N(C(=O)Oc2ccccc2)c2ccccc12,JOKKOK,CHON
JOKLAX,3.3016,CN1C(=C(c2ccccc2)c2ccccc12)OC(=O)Oc1ccccc1,JOKLAX,CHON
JOKLOL,3.4486,CC(C)C1=C(OC(=O)Oc2ccccc2)N(Cc2ccccc2)c2ccccc12,JOKLOL,CHON
JOKZOZ,2.0264,COc1ccc(cc1)C(=N=[N])C(=O)OC(C)(C)C,JOKZOZ,CHON
JUGCUJ,2.8423,CC12CCC3C(CCC4=CC(=O)C5CCCC34C5)C1CCC2=O,JUGCUJ,CHO
JUQKUB,2.1866,C1CC21C=CCC12N(N=C(N1c1ccccc1)c1ccccc1)c1ccccc1,JUQKUB,CHN
KABHUS,1.8630,CCOc1ccccc1C(=O)C=Cc1c2ccccc2cc2ccccc12,KABHUS,CHO
KABROW,2.3427,O=C(N1N=C(NN=C1c1ccccc1)c1ccccc1)c1ccccc1,KABROW,CHON
KACNAF,2.0957,COc1cccc2C=C(Oc12)c1ccc(cc1)N(=O)=O,KACNAF,CHON
KACNIN,1.8983,COc1cc(ccc1OCc1ccc(cc1)N(=O)=O)C=NCC1=CC=CO1,KACNIN,CHON
KACQEL,3.7322,COc1ccccc1OCc1cccc(COc2ccccc2OC)c1,KACQEL,CHO
KADNEI01,2.0551,CN1CC(=Cc2ccc(cc2)N(C)C)C(=O)C(C1)=Cc1ccc(cc1)N(C)C,KADNEI01,CHON
KAGDIH,2.5651,Cc1cccc(c1Oc1c(C=O)cccc1C=O)C(C)(C)C,KAGDIH,CHO
KAGGIK,1.4687,CCCCc1c2cccc3cccc(c23)c2c(CCCC)c3cccc4cccc(c34)c12,KAGGIK,CH
KAJQAP,3.0538,COC(C(C)C(=O)N1C(COC1=O)Cc1ccccc1)c1ccc(cc1)N(C)C,KAJQAP,CHON
KALQEU,2.7560,COCOC(C)C(=O)N(c1ccc(cc1)N(=O)=O)c1ccccc1C(C)(C)C,KALQEU,CHON
KARCOW,4.0997,OC12CC=CCC1(O)CC1(O)CC=CCC1(O)C2,KARCOW,CHO
KATKAS,1.6072,OC1=CC=CC(=CNc2cccc3ccccc23)C1=O,KATKAS,CHON
KAXDOD,3.3216,N1c2ccccc2OC2(Nc3ccccc3OC12c1ccccc1)c1ccccc1,KAXDOD,CHON
KAXWOW,3.6995,CN(C)C=NN1N=NN=C1C,KAXWOW,CHN
KAYCAP,2.5553,CCCCCCC12C=C(C(=O)C1C2C(=O)N1C(COC1=O)c1ccccc1)c1ccccc1,KAYCAP,CHON
KEBFON,3.7989,CC(=O)OCC1OC(C=CC1OC(C)=O)C(=C)C(=C)C1OCC(OC(C)=O)C=C1,KEBFON,CHO
KECHIK,4.2645,CC1(C)OCC(O1)C1OC2OC(C)(C)OC2C1OCC1=CN(N=N1)C1OC(C2COC(C)(C)O2)C2OC(C)(C)OC12,KECHIK,CHON
KEFLEM01,2.1375,Nc1ccc(cc1)c1ccc(cc1)N(=O)=O,KEFLEM01,CHON
KEFYEA,3.0124,COc1cccc2CCC3(Cc4c(O3)ccc3ccccc43)Oc12,KEFYEA,CHO
KEGGAF,3.7607,CC(=O)OCC1OC(C=CC1OC(C)=O)C(=C)C(=C)C1OCC(OC(C)=O)C=C1,KEGGAF,CHO
KEGHAG,3.7625,OC1CC2CCC1C(=O)C2,KEGHAG,CHO
KEGXUQ,3.9930,CC(C)(C)OC(=O)N1C(=O)CC2CC(O)C(C=C12)c1ccccc1,KEGXUQ,CHON
KEHYIG,4.0306,CC(NC1(CCC1OCc1ccccc1)C#N)c1ccccc1,KEHYIG,CHON
KELXOP,3.5335,COC1OC(C)C(OC(=O)c2ccccc2)C2OC(C)(C)OC12,KELXOP,CHO
KENTON,4.8718,COC1CC2C=CC3C=CC4COC(=O)C4C3C2O1,KENTON,CHO
KEPHOD,2.4737,CC(=O)OCC1OC(Nc2ccccc2N(=O)=O)C(OC(C)=O)C(OC(C)=O)C1OC(C)=O,KEPHOD,CHON
KEPHUJ,2.3518,CC(=O)OCC1OC(Nc2cccc(c2)N(=O)=O)C(OC(C)=O)C(OC(C)=O)C1OC(C)=O,KEPHUJ,CHON
KEPJAR,2.7920,CC(=O)OCC1OC(Nc2ccc(cc2)N(=O)=O)C(OC(C)=O)C(OC(C)=O)C1OC(C)=O,KEPJAR,CHON
KEPJEV,2.5261,CC(=O)OCC1OC(C(OC(C)=O)C(OC(C)=O)C1OC(C)=O)N(C(C)=O)c1ccccc1N(=O)=O,KEPJEV,CHON
KEPJOF,2.6491,CC(=O)OCC1OC(C(OC(C)=O)C(OC(C)=O)C1OC(C)=O)N(C(C)=O)c1ccc(cc1)N(=O)=O,KEPJOF,CHON
KEPLUN,4.2017,CN1C(Cc2ccccc2)C=CC(Cc2ccccc2)C1=O,KEPLUN,CHON
KEQPUS,2.9991,CC(=O)C(=CN)C(C)=O,KEQPUS,CHON
KERDUH,2.8987,COc1cccc(C=O)c1OCc1ccccc1,KERDUH,CHO
KERMIE,3.0145,CC(C)CN1C(=O)c2ccccc2C1=O,KERMIE,CHON
KERPAZ,2.2611,COc1ccccc1CN1C(=O)c2ccccc2C1=O,KERPAZ,CHON
KERVAF,3.4247,COC(=O)COc1ccc2ccc(OCC(=O)OC)cc2c1,KERVAF,CHO
KETJAV,4.5557,CC(=O)OCC(N1N=C(C)C=C1C)(N1N=C(C)C=C1C)C(O)=O,KETJAV,CHON
KETNAZ,3.8337,CCOC1CC2N(O1)C(COC2=O)c1ccccc1,KETNAZ,CHON
KEVDUL,1.5429,CC(C)(C)C1Cc2ccc3ccccc3c2C1=C1C(Cc2ccc3ccccc3c12)C(C)(C)C,KEVDUL,CH
KEVPAD,4.3311,CNC(=O)C(OC(C)=O)C(OC(C)=O)C(OC(C)=O)C(OC(C)=O)C(=O)NC,KEVPAD,CHON
KEZKAC,2.0576,CCOC(=O)CN1C(=O)C(=O)c2ccccc12,KEZKAC,CHON
KIDJOX,2.4327,c1ccc(cc1)c1ccc(cc1)C(c1ccccc1)=C(c1ccccc1)c1ccc(cc1)c1ccccc1,KIDJOX,CH
KIDSEW,3.9947,COC1(OC)c2c(c3c(c4c2C(OC)(OC)C4(OC)OC)C(OC)(OC)C3(OC)OC)C1(OC)OC,KIDSEW,CHO
KIHMEU,2.1683,COc1cc(O)c(C(=O)C=Cc2ccccc2)c2OC3C(C(CCC3=O)C(C)C)c12,KIHMEU,CHO
KIJDAJ,3.3135,CC1ON(C(C1CNC(C)c1ccccc1)c1ccccc1)c1ccccc1,KIJDAJ,CHON
KIKRAY,3.2540,O=C(Oc1ccc(cc1)N(=O)=O)N1C2CCCCC2N(C(=O)Oc2ccc(cc2)N(=O)=O)C1=O,KIKRAY,CHON
KIKTUU,3.8125,CCC1C(C)C(C(C)C=C1c1ccc(C)cc1)C(O)=O,KIKTUU,CHO
KIRTIP,3.0702,O=Cc1ccc(OCC(=O)NCC2=CCC=CC2)cc1,KIRTIP,CHON
KIRXUF,2.9294,COc1ccc2N(C=Cc2c1)C(=O)c1ccccc1OC,KIRXUF,CHON
KITNOR,2.2705,CCOC(=O)C(=Cc1ccccc1)N1N=C(C=C1C)c1ccccc1,KITNOR,CHON
KITXIV,2.6975,COCC(N1C(=Cc2ccccc12)C1CC(=O)C=CN1c1ccccc1)c1ccccc1,KITXIV,CHON
KIWXOE,2.1040,O=N(=O)c1ccc(NN=C2CCCCCCCCCCCCCC2)c(c1)N(=O)=O,KIWXOE,CHON
KIXFIH,2.6197,CC1(C)Oc2cc3OC=C(C(=O)c3c(O)c2C=C1)c1ccc(O)cc1,KIXFIH,CHO
KIXMOU,1.1571,CC1=C(C=CC(C)=CC=CC(C)=CC=CC=C(C)C=CC=C(C)C=CC2=C(C)CCCC2(C)C)C(C)(C)CCC1,KIXMOU,CH
KIXNAH,4.5423,CC(=CCC1C(=C)CCC2C1(C)CCCC2(C)C(O)=O)C(O)CO,KIXNAH,CHO
KIYVIY,2.0170,CC(C)(C)C1=CC2(OC(=O)C3(C2C(=CC3=O)C(C)(C)C)C(C)(C)C)C(=O)C(=C1)C(C)(C)C,KIYVIY,CHO
KIZHEH,3.1484,COC(=O)C(NC(=O)OCc1ccccc1)C1C(C2CCCCC2)C1C(=O)c1ccccc1,KIZHEH,CHON
KODWOQ,2.9397,CC(C)(CN=Cc1ccc(cc1)C#N)CN=Cc1ccc(cc1)C#N,KODWOQ,CHN
KOFBOX,2.5136,COC(=O)C(=O)c1cccc2ccc(OCc3ccccc3)cc12,KOFBOX,CHO
KOFHET,2.6579,CN(C)c1ccc(cc1)C(=O)c1ccccc1,KOFHET,CHON
KOJGUM,2.7404,C1=CN2N=C3C=CC=NC3=C2N=C1,KOJGUM,CHN
KOKRIM,2.2618,COc1ccc(cc1)C1=C(c2ccc(OC)cc2)c2cc3OC(=C(c4ccc(OC)cc4)c3cc2O1)c1ccc(OC)cc1,KOKRIM,CHO
KOKSAF,2.7681,COc1ccc(cc1)C1=C(c2ccc(OC)cc2)c2cc(C)c(C)cc2O1,KOKSAF,CHO
KOKSEJ,2.7587,CCCCCCOc1ccc(cc1)C1=C(c2ccc(OCCCCCC)cc2)c2cc(C)c(C)cc2O1,KOKSEJ,CHO
KOLBOD,2.9122,COc1ccc(cc1)N1N=NC(=N1)c1ccc(OC)cc1OC(C)C,KOLBOD,CHON
KOMMIJ,3.3584,CN1CCC23CC(=O)CCC2(C1)Cc1ccc(O)cc31,KOMMIJ,CHON
KOMQAF,4.6504,OC(=O)C1CC=C2CCC=CC3COC(=O)C1C23,KOMQAF,CHO
KOMSEL,1.7722,CCOC(=O)C1=NOC(=C1C(C)=NNc1ccc(cc1N(=O)=O)N(=O)=O)COCc1ccc2ccccc2c1,KOMSEL,CHON
KUBWAF01,2.2764,c1ccc2c(c1)cc1ccccc1c2c1c2ccccc2cc2ccccc12,KUBWAF01,CH
KUFNOO,2.2881,CC(=O)OC1=CC(=O)OC(=C1)C=Cc1ccccc1,KUFNOO,CHO
KUFNUU,2.4903,CC(=O)OC1=CC(=O)OC(=N1)C=Cc1ccccc1,KUFNUU,CHON
KUJSOY,1.4159,CCCCCCN(CCCCCC)c1ccc(cc1)C#Cc1ccc(cc1)N=Nc1ccc(cc1)C#Cc1ccc(cc1)N(CCCCCC)CCCCCC,KUJSOY,CHN
KUKDIE,2.7464,CN1c2cccc3cccc(N(C)C1(C)CCC1(C)N(C)c4cccc5cccc(N1C)c45)c23,KUKDIE,CHN
KUKFIG,5.3147,ON1C2CCCC31CCCC3CO2,KUKFIG,CHON
KUKYAR,6.0114,CCC(O)C(C)C(O)C1CCCCC1,KUKYAR,CHO
KUPHIM01,2.0732,CN(C)c1ccc(C=O)c2c(C=O)ccc(N(C)C)c12,KUPHIM01,CHON
KUSQIZ,4.4434,COC1(CO)CC23CCC4C5=C(CCC4(C)C2CCC1C3)OC=C5,KUSQIZ,CHO
KUSTIC,3.4905,CCOC(=O)c1ccc2N(C(=Nc2c1)c1ccc(OC)cc1)C(C)(C)C,KUSTIC,CHON
KUSXOM,3.1548,CN1C(=O)c2ccccc2C2(OC3(OC(=NC23)c2ccccc2)c2ccccc2)C1=O,KUSXOM,CHON
KUSZOO,2.6319,COc1ccc2C(=O)c3c(O)cc(OC)c(c3Oc2c1O)C(C)(C)C=C,KUSZOO,CHO
KUTGAI,2.3370,CCOC(=O)c1ccc(NCCO)c(c1)N(=O)=O,KUTGAI,CHON
KUTKIU,2.8957,CCCCNc1nc(C)cc(n1)c1ccccc1,KUTKIU,CHN
KUTMIW,4.8803,CC(=C)C1CCC2(C)C(CCC3C(CCC23C)C2(C)CCC(=O)O2)C1(C)CCC(O)=O,KUTMIW,CHO
KUVMOE,1.8479,O=C(C=Cc1c2ccccc2cc2ccccc12)C1=CC=CO1,KUVMOE,CHO
KUWDAI,1.8511,CCOC(=O)c1c2ccc3c(c4ccc5c(C(=O)OCC)c(C(=O)OCC)c6ccc7c(c8ccc(c1C(=O)OCC)c1c2c3c2c4c5c6c7c2c81)c1c(C)cc(C)cc1C)c1c(C)cc(C)cc1C,KUWDAI,CHO
KUZCIS,2.7740,CCCCCCOc1ccc(cc1)C1CC(=NN1C(C)=O)c1ccccc1,KUZCIS,CHON
KUZJAR,2.4172,COc1cc2CC(=Cc3ccccc3)C(=O)c2cc1OC,KUZJAR,CHO
KUZJEV,2.6882,COc1cc2CC3(C(C(NC43C(=O)Nc3ccccc43)c3ccccc3)c3ccccc3)C(=O)c2cc1OC,KUZJEV,CHON
KUZMOI,2.3866,COc1ccc(C=NN=Cc2ccc(OC)c(OC)c2OC)c(OC)c1OC,KUZMOI,CHON
KUZNAV,2.4503,COc1cc(OC)c(C=CC(=O)C2=CC=CO2)c(OC)c1,KUZNAV,CHO
LABYUJ,1.9119,CCN(CC)c1ccc(cc1)C1CC(=NN1c1ccc(cc1)C#N)c1ccc(cc1)C#N,LABYUJ,CHN
LACTOZ,3.3350,CC(C)C1N(C(=O)OC1(c1ccccc1)c1ccccc1)C(=O)C(C)C(O)C(C)CO,LACTOZ,CHON
LACVAM,2.5042,CC(C)(C)C(=O)C1=C(OC(OC1=O)=C(C(=O)C(C)(C)C)C(=O)C(C)(C)C)C(C)(C)C,LACVAM,CHO
LAJKOX,3.5971,CON=[N+]([O-])NC1CCCCC1,LAJKOX,CHON
LAJNER,3.5684,COC(COCc1ccccc1)CC1OC2C(OCOC2C(=O)C1(C)C)C(=O)OC,LAJNER,CHO
LAKJUD,3.9375,CC1(C)CC(C)(c2ccc(O)cc2)c2ccccc2O1,LAKJUD,CHO
LAKRAR,1.3638,CCOC(=O)C12C(=O)OC(C)C(C)OC(=O)C3(C(=O)OCC)C45C6=C7C8=C9C%10=C%11C%12=C%13C%14=C%10C%10=C%15C%16=C%14C%14=C%17C%18=C%19C(=C%13%14)C%13=C%12C%12=C%14C%20=C%13C%19=C%13C%19=C%20C%20=C%21C%22=C%19C%191C%13=C%18C1=C%17C%16=C%13C%15=C(C6=C9%10)C4=C4C%13=C1C2%19C4=C%22C35C%21=C7C(=C%14%20)C8=C%11%12,LAKRAR,CHO
LAKTUO,3.4939,COc1ccc(CC2N(CCc3cc(OC)c(OC)cc23)C(C)c2ccccc2)cc1,LAKTUO,CHON
LAKVIE,3.7461,COc1ccc(CC2(C#N)N(CCc3cc(OC)c(OC)cc23)C(C)c2ccccc2)cc1,LAKVIE,CHON
LAKVOK,3.7950,COc1ccc(CC2(C#N)N(CCc3cc(OC)c(OC)cc23)C(C)c2ccccc2)cc1OC,LAKVOK,CHON
LAKVUQ,3.6646,COc1cc2CCN(C(C)c3ccccc3)C(C#N)c2cc1OC,LAKVUQ,CHON
LALBAD,3.3446,O=C1CCC(=O)N1CNc1ccccn1,LALBAD,CHON
LAVTOS,1.6880,O=C1C2CCN(CC2)C1=Cc1cccc(c1)N(=O)=O,LAVTOS,CHON
LAWZAL,3.3662,CCC(CO)Nc1nc(NCc2cccc(O)c2)c2N=CN(C(C)C)c2n1,LAWZAL,CHON
LAXWAJ,1.6218,CCCCCCCCOc1cc(C#Cc2ccc3C(=O)N(C4CCCCC4)C(=O)c3c2)c(OCCCCCCCC)cc1C#Cc1ccc2C(=O)N(C3CCCCC3)C(=O)c2c1,LAXWAJ,CHON
LAYDEV,2.7723,COc1ccc(cc1)C1=CC(=NN1c1ccccc1)N1CCCCC1,LAYDEV,CHON
LAYDAR,3.0484,COc1ccc(cc1)C1=NN(c2ccccc2)C(=C1)N1CCCCC1,LAYDAR,CHON
LEBFII,1.7445,CN(C)C(=[N+](C)C)C([O-])=C(c1ccccc1)c1ccccc1,LEBFII,CHON
LEBWIZ,2.5065,COc1ccc(cc1OC)C(=O)NC1=CC(=O)CCC1,LEBWIZ,CHON
LEDXEX,0.0000,CC(O)C1C(OC(OC1=O)C(C)(C)C)C(C)(C)C,LEDXEX,CHO
LEGGUA,2.1376,COc1c2ccccc2c(OC)c2ccccc12,LEGGUA,CHO
LEMGAM,4.6465,CC(=O)OC1CC2C(OC(C)(C)N2C(=O)OC(C)(C)C)C(OC(C)=O)C1OC(C)=O,LEMGAM,CHON
LEMKAQ,3.5017,COC1(OC)N(CC2=CCCc3ccccc23)C(=O)C1(OC)OC,LEMKAQ,CHON
LENCIR,2.8488,COCC(N=C(N1C=CC(=O)CC1C#Cc1ccccc1)c1ccccc1)C(C)C,LENCIR,CHON
LENTEE,4.7337,C=CC1CN2C(COC2=O)C2(C1)OCCO2,LENTEE,CHON
LEPDUG,2.9671,CC1CC(C)c2c1c(C=O)cc1CCN(C(=O)OC(C)(C)C)c21,LEPDUG,CHON
LEPLEY,2.6131,COc1ccc(cc1)C1=COc2cc3OC(C)(C)C=Cc3c(O)c2C1=O,LEPLEY,CHO
LEPSEE01,0.0000,CN(C)c1ccc(cc1)C1=N([O])C(C)(C)C(C)(C)N1=O,LEPSEE01,CHON
LEQLEZ,2.5509,O=C1Oc2ccc3ccc4ccc5ccccc5c4c3c2C=C1,LEQLEZ,CHO
LESVEL,3.7040,CC(C(C)c1ccccc1O)c1ccccc1O,LESVEL,CHO
LETPEG,3.6282,OC1CC(O)(C=C1)C#Cc1ccccc1,LETPEG,CHO
LETPIK,3.0105,CCOC(=O)C1=[N+]([O-])OC2C=C(CC12)C#Cc1ccccc1,LETPIK,CHON
LETWAJ,4.4267,COC(=O)C(C(C)c1ccccc1)C(O)c1ccccc1,LETWAJ,CHO
LEVSOV,3.9475,O=C(CC1CCC2(CC1)OOC1(CCCCC1)OO2)N1CCOCC1,LEVSOV,CHON
LEVSUB,3.9435,O=C(CC1CCC2(CC1)OOC1(OO2)C2CC3CC(C2)CC1C3)N1CCOCC1,LEVSUB,CHON
LEZSIT,4.2039,CCOC(=O)C1=C(N(N=N1)C1OC(C2COC(C)(C)O2)C2OC(C)(C)OC12)C(=O)OCC,LEZSIT,CHON
LICKIS,3.4292,CC(CO)NC(=O)c1ccccc1C(=O)NC(C)CO,LICKIS,CHON
LIDREW,4.6505,CC1=C(CCC2=C(C)CCCC2(C)C)C(C)(C)CCC1,LIDREW,CH
LIHHIU,5.4031,OCC1(O)OC(OC(C2CCCCC2)C1O)C1CCCCC1,LIHHIU,CHO
LIHLOE,3.9037,CC1=C2C(O)C3(O)CCC4C(C)(C)CCCC4(C)C3C(O)C2OC1=O,LIHLOE,CHO
LIHVAA,2.6103,COC(=O)C1=C(C(C)C2(CCC=C2)C1=O)c1c(OC)cc(OC)cc1OC,LIHVAA,CHO
LIHVEE,2.7210,COC(=O)C1=C(C(C)C2(CCCC2)C1=O)c1c(OC)cc(OC)cc1OC,LIHVEE,CHO
LIJGER,3.1208,COc1ccc2C(=O)CC(c3ccccc3)c2c1,LIJGER,CHO
LIJJEU,2.5345,COc1cc(cc(OC)c1OC)C1=Cc2ccccc2C(=O)O1,LIJJEU,CHO
LIJMEX,2.9228,OC(=O)CC1CCC2=CC(=O)CCC2C1,LIJMEX,CHO
LIJTUU,3.9204,CC1=C2C(O)C3(O)CCC4C(C)(C)CCCC4(C)C3C(O)C2OC1=O,LIJTUU,CHO
LIKLEX,3.0251,COC(=O)c1ccc2nc(C3CCCCC3)c(c3ccccc3)c(N3CCOC3=O)c2c1,LIKLEX,CHON
LILLEY,2.0231,CC(=O)N1CC(CN1C(C)=O)(N(=O)=O)N(=O)=O,LILLEY,CHON
LIQWOY,2.7234,O=C1N=C2N(C=Nc3ccccc23)N=C1CCc1ccccc1,LIQWOY,CHON
LISVIT,4.8650,C1=CN(C=C1)N1C=CC=C1,LISVIT,CHN
LITLAC,4.3943,COC(C1CC(CC1C=C1CCCCC1)(C(=O)OC)C(=O)OC)c1ccccc1,LITLAC,CHO
LITMAD,3.9273,CCOC(=O)C1=CCC(c2ccccc2)C(C#N)(C#N)C1c1ccccc1,LITMAD,CHON
LITMEH,2.4434,CCOC(=O)C1=CCC(C#N)(C#N)C(C1)C1=Cc2ccccc2N1C,LITMEH,CHON
LITMIL,2.9829,CCOC(=O)C1=CCC2C(C1)C1=C(C2=O)c2ccccc2N1C,LITMIL,CHON
LITMUX,2.8885,CN(C)C(=O)ON=C1CCc2ccc(CCC(C=C1)=CC#N)cc2,LITMUX,CHON
LITQIP,3.7075,CC12CCC3(O)CC1CCC1C4CCC(=O)C4(C)C4(CC231)OCCO4,LITQIP,CHO
LITQOV,3.6399,CC12CCC(=O)CC1CCC1C3CCC(=O)C3(C)C3(CC21)OCCO3,LITQOV,CHO
LIVXAQ,3.9664,CC1=CCCC2(C)OC2C2OC(=O)C(CNC3CCCc4ccccc34)C2CC1,LIVXAQ,CHON
LIVYIZ,3.6415,CC1CC(=CC(C)C1C(O)=O)c1ccc(cc1)C(C)(C)C,LIVYIZ,CHO
LIWFIH,3.8333,COc1ccc(cc1)C1NC(=O)CC1O,LIWFIH,CHON
LIXCUR01,2.6064,CCOc1cccc(C=NC2CCCCC2N=Cc2cccc(OCC)c2O)c1O,LIXCUR01,CHON
LIZWIB,3.2065,CC(C)(C)OC(=O)NC(c1ccccc1)C(C)(C(=O)OC(C)(C)C)N(=O)=O,LIZWIB,CHON
LOBWEF,2.0367,CCc1ccc(cc1)N=Nc1ccc(O)cc1,LOBWEF,CHON
LOBXOQ,2.7699,COCCN1C(=O)c2ccccc2C1=O,LOBXOQ,CHON
LOCQEA,4.0967,CC(C)C12OC1C1OC31C1(C)CCC4=C(COC4=O)C1CC1OC31C2O,LOCQEA,CHO
LODBOW,4.0505,CC(=O)N1C(c2ccccc2)C(=O)N(C1=O)C(C)(C)C,LODBOW,CHON
LODKEV,2.8367,CC(CN=Cc1ccccc1O)(CN=Cc1ccccc1O)CN=Cc1ccccc1O,LODKEV,CHON
LOGLUP,4.2006,CC(=O)N1CCC2(CC=C)c3ccccc3CCC12C#N,LOGLUP,CHON
LOGPAZ,2.9077,C1C2CC3CC1CC(C2)C1=C2C4CC5CC(C4)CC(C5)C2=C(C31)c1ccccc1,LOGPAZ,CH
LOGPUT,3.0403,COC1CC2CC3CC(C2)C2=C4C5CC6CC(C5)CC(C6)C4=C(c4ccccc4)C12C3,LOGPUT,CHO
LOGYUC,2.7963,CCCC1=CC2=CN(C3CC(O)C(CO)O3)C(=O)N=C2O1,LOGYUC,CHON
LOHNUS,2.5833,CC(C)(CN=Cc1ccc(cc1)N(=O)=O)CN=Cc1ccc(cc1)N(=O)=O,LOHNUS,CHON
LOHSOR,2.6106,CC(=NNC(=O)NN=CC1=CNc2ccccc12)c1ccccc1O,LOHSOR,CHON
LOJDIY,2.7823,Cc1ccc(Nc2cnccn2)cc1,LOJDIY,CHN
LOJMED,2.7769,O=C1CCC2(Cc3ccccc3)C(=O)CCC2=C1,LOJMED,CHO
LOQBID,4.0103,CN1OC(=O)Cc2ccccc2c2ccccc2CC1=O,LOQBID,CHON
LORPUE,2.7954,C1CN=C(N1)c1ccccn1,LORPUE,CHN
LUDJIE,2.4452,COC(=O)C1CC23CC(O)(O1)C(=O)C=C2c1ccc(O)cc1O3,LUDJIE,CHO
LUDNEE,3.6005,COc1ccc(cc1)C(O)CC(=O)C(C)C1CCOC(O1)c1ccc(OC)cc1,LUDNEE,CHO
LUDPEG,4.4278,COC(=O)C1(O)OC2C(CC1C)OC(COC(C)=O)C(OC(C)=O)C2OC(C)=O,LUDPEG,CHO
LUDWOX,4.5419,COC1CC2C3(C)CCC4C(C)(C)CCCC4(C)C3CC(O)C2(C)C2=COC=C12,LUDWOX,CHO
LUDWUD,3.1092,CC1(C)CCCC2(C)C1CCC1(C)C3CC=C(C=O)C(C=O)C3(C)C(O)CC21,LUDWUD,CHO
LUFFIC,3.1565,C1COCCOc2ccccc2c2ccc(cc2)c2ccccc2OCCOCCO1,LUFFIC,CHO
LUFGEZ,3.5477,C1COCCOc2ccccc2c2ccccc2c2ccccc2OCCOCCO1,LUFGEZ,CHO
LUHLIK,2.9542,COCC1C(OCc2ccc(OC)cc2)C2C(CC=CC2=O)C2OC12,LUHLIK,CHO
LULLUZ,4.3835,OCCC1C=CC2CCCC(=O)N3CCC1C23,LULLUZ,CHON
LUMJAF,3.5147,CC(C)(C)OC(=O)N1c2ccccc2C2=C1C1C(CCC(=O)N1CC2)CC(O)=O,LUMJAF,CHON
LUMKAG,3.5872,CC(c1ccccc1)C1(O)N(C)C(=O)c2ccccc12,LUMKAG,CHON
LUPNEQ,4.5069,COC1OC2(CC2CO)C(OCc2ccccc2)C2OC(C)(OC)C(C)(OC)OC12,LUPNEQ,CHO
LUQLIT,2.7420,COc1ccc2CCN3C(C(Cc4ccccc34)C(=O)N3CCOC3=O)c2c1,LUQLIT,CHON
LUQSEW,3.5083,OC12C3C4CC5CC(C4)CC3(C5)CN1C(=O)c1ccccc21,LUQSEW,CHON
LUQVOJ,4.5059,COC(=O)CC1(NC(N)=O)OC(C2COC(C)(C)O2)C2OC(C)(C)OC12,LUQVOJ,CHON
LUSCUY,1.0707,CCCCCCN1C(=CC=C1C1=C([O-])C(C1=O)=C1C=CC(=[N+]1CCCCCC)C=NN(c1ccccc1)c1ccccc1)C=NN(c1ccccc1)c1ccccc1,LUSCUY,CHON
LUSDAF,1.0738,C=CCCCCN1C(=CC=C1C1=C([O-])C(C1=O)=C1C=CC(=[N+]1CCCCC=C)C=NN(c1ccccc1)c1ccccc1)C=NN(c1ccccc1)c1ccccc1,LUSDAF,CHON
LUSGAI,3.1259,COc1ccc2c(CCC3C4CCC(=O)C4(CC=C23)C(=O)OC(C)(C)C)c1,LUSGAI,CHO
LUTZAB,3.8080,COC(=O)C12CCCC=C1CN1CCc3cc(OC)c(OC)cc3C21,LUTZAB,CHON
LUVSUQ,2.8123,CC(=O)C1=C(CC2=C(C=C(O2)c2ccccc2)C(C)=O)OC(=C1)c1ccccc1,LUVSUQ,CHO
LUXKIZ,3.6450,O=C1OC(=O)C23C4c5ccccc5C(c5ccccc45)C12C1c2ccccc2C3c2ccccc12,LUXKIZ,CHO
LUXKOF,2.9622,COc1ccc(OC)c2C3c4ccccc4C(c12)C12C4c5ccccc5C(c5ccccc45)C31C(=O)OC2=O,LUXKOF,CHO
LUXKUL,3.5876,Cc1ccc(C)c2C3c4ccccc4C(c12)C12C4c5ccccc5C(c5ccccc45)C31C(=O)OC2=O,LUXKUL,CHO
LUXQIF,3.2465,C1CCCC2=C(CC1)N=NN2C#Cc1ccccc1,LUXQIF,CHN
MABYAR,1.4181,CC(=O)OCC1=CC#CC#CC=C(COC(C)=O)C#CC#CC(=CC#CC#CC=C(COC(C)=O)C#CC#C1)COC(C)=O,MABYAR,CHO
MACLAE01,2.0092,CC1=CC2=C(C=O)C(=O)C(C)(O)C(O)C2=CO1,MACLAE01,CHO
MADMEL,3.4945,CC(=O)ON=C1OC2(CCCCC2)C=C1,MADMEL,CHON
MAFMAJ,3.8601,CCOC(=O)C1=NN(CC#C)C(=C1)c1ccccc1,MAFMAJ,CHON
MAFZUP,4.5514,CC(C)NC(NC(C)C)=NC#N,MAFZUP,CHN
MAJQOF,3.5247,COC(=O)C1(C)C2OC3(C=C2)C2C(C)C(=O)CC(N2C(=O)C13)C1=CC=CO1,MAJQOF,CHON
MAJRIZ,3.1811,COc1cc2N3C4C5C(CC3=O)OCC=C3CN6CCC4(C6CC53)c2cc1OC,MAJRIZ,CHON
MAJVIE,2.9226,c1ccc(cc1)C#CC1(c2ccccc2c2ccccc12)C(=C=C1c2ccccc2c2ccccc12)c1ccccc1,MAJVIE,CH
MANGAK,4.1275,CCC(O)(CC)C(C(O)c1ccccc1)c1ccccc1,MANGAK,CHO
MANJER,3.8347,CC(=O)OC1CC2OC(COCc3ccccc3)C(OCc3ccccc3)C(OCc3ccccc3)C2N(CC1OC(C)=O)C(C)=O,MANJER,CHON
MATNEB,2.1989,CC(=O)C1=C2C(=O)CCC3(C)C(=O)OCC23OC(=C1)C1=COC=C1,MATNEB,CHO
MAXMAA,2.6725,CC(C)C(CO)NC(=O)c1ccc(cc1)C(=O)C1C2CCC1c1ccccc21,MAXMAA,CHON
MAXMEE,2.6681,CC(NC(=O)c1ccc(cc1)C(=O)C1C2CCC1c1ccccc21)C1CCCCC1,MAXMEE,CHON
MAXMUU,2.6663,CC(NC(=O)c1ccc(cc1)C(=O)CC12CC3CC(CC(C3)C1)C2)c1ccccc1,MAXMUU,CHON
MAXNAB,2.6648,CCC(NC(=O)c1ccc(cc1)C(=O)CC12CC3CC(CC(C3)C1)C2)c1ccccc1,MAXNAB,CHON
MAXNIJ,2.5653,CC1C(CC2CC1C2(C)C)OC(=O)c1ccc(cc1)C(=O)CC12CC3CC(CC(C3)C1)C2,MAXNIJ,CHO
MAYTAI,3.7692,O=C(ON=C1CCCCC1)C1=CC=CO1,MAYTAI,CHON
MENJUL,3.1307,COc1cccc(C2=Nc3ccccc3N2)c1OCc1ccccc1,MENJUL,CHON
MENRAZ,2.7121,Oc1ccccc1C1=NN(C(C1)c1ccccc1)C(=O)c1cccnc1,MENRAZ,CHON
MEPXEK01,3.6491,O=C(Nc1ccccc1)Nc1cccnc1,MEPXEK01,CHON
MEQSAD,4.0842,CC(C)C(NC(C)=O)C(=O)N1CC(=C)CC1(C)C(=O)NCc1ccccc1,MEQSAD,CHON
MICDUY,2.8136,COc1c2OCOc2ccc1C1COc2cc(O)cc(O)c2C1=O,MICDUY,CHO
MICKUF,2.4338,CC1=C(C)C2(O)OC(C)(C)C=CC2=CC1=O,MICKUF,CHO
MIDXUS01,2.7478,COc1ccc(cc1)C1=COc2cc3OC(C)(C)C=Cc3c(OC)c2C1=O,MIDXUS01,CHO
MIFREY,2.9660,O=N(=O)C=C1N(Cc2ccccc2)C2C(N(Cc3ccccc3)C3C(N(CN3Cc3ccccc3)Cc3ccccc3)N2Cc2ccccc2)N1Cc1ccccc1,MIFREY,CHON
MIFSOJ,1.9416,NC1=NC(=Nc2ccccc2)c2cc(C#N)c(cc12)C#N,MIFSOJ,CHN
MIGSAX,3.2738,COc1cc2cc(cnc2cc1OC)C1OCCO1,MIGSAX,CHON
MIGXUW,2.0748,O=C(NC(c1ccccn1)(c1ccccn1)c1ccccn1)c1cc(cc(c1)N(=O)=O)N(=O)=O,MIGXUW,CHON
MIHXOR,3.2310,Cc1ccc(N)c(c1)N1C=CC=N1,MIHXOR,CHN
MIJBUD,1.8325,CC(=O)Nc1cccc2C(=O)C(=C(C)C(=O)c12)C,MIJBUD,CHON
MIJDUF,2.5095,OOC1(c2ccccc2)c2ccccc2C(c2ccccc2)(c2ccccc2)C2=Nc3ccccc3c3ccccc3N=C12,MIJDUF,CHON
MIJVUX,3.5464,CC1(Cc2ccc(CC3(C)c4ccccc4c4ccccc34)cc2)c2ccccc2c2ccccc12,MIJVUX,CH
MILWUA,1.5315,Cc1cc(OC(=O)c2ccc(cc2)N(=O)=O)cc2CCC(C)(C)Oc12,MILWUA,CHON
MIMFIY,3.6791,CC1=NN(C(C(C2=CCC=C2)c2ccccc2)N2N=C(C)C=C2C)C(=C1)C,MIMFIY,CHN
MINCOC,3.5087,CC(C)C1=C2C3CC4OC(O)(CC4=C)C3(CCC2(C)CC1)CC=Cc1ccccc1,MINCOC,CHO
MIPCEU,1.8319,CC(C)c1cccc(C(C)C)c1C(=O)C(=O)c1c(cccc1C(C)C)C(C)C,MIPCEU,CHO
MIPLON,2.3770,CCCC1C(C(O)CC2CCC(=O)N12)N(=O)=O,MIPLON,CHON
MIQRIO,4.5490,COC(=O)C(CC=C)(NC(=O)OC(C)(C)C)C(O)C(NC(=O)OC(C)(C)C)C(C)C,MIQRIO,CHON
MISNEI,3.7505,CC(O)C(CO)N(Cc1ccccc1)Cc1ccccc1,MISNEI,CHON
MIVNUA,3.2610,Cc1ccc(cc1)C(=O)NCCN(CCNC(=O)c1ccc(C)cc1)CCNC(=O)c1ccc(C)cc1,MIVNUA,CHON
MIWQEP,5.2374,CC1(C)CC2CC(=O)OC2C2OC12,MIWQEP,CHO
MIWQIT,5.1743,CC1(C)CC2(C)CC(=O)OC2C2OC12,MIWQIT,CHO
MOCANT02,2.2402,COC(=O)c1c2ccccc2cc2ccccc12,MOCANT02,CHO
MODMOI,2.2567,COc1ccc(C=CC(=O)C2=CC=CO2)cc1OC,MODMOI,CHO
MODWEI,3.2863,CC=C(C)C(=O)OC1CC2C(CC=C3CC(O)CCC23C)C2(O)CCC(C(C)=O)C12C,MODWEI,CHO
MODYEK,2.4307,COc1ccc(O)c(c1)C(C)=NCCCN=C(C)c1cc(OC)ccc1O,MODYEK,CHON
MODZAH,3.0777,OC(=O)C1C2CCC(CC2)C1C(=O)c1ccccc1,MODZAH,CHO
MOFJIB,2.1482,COc1cccc(C=NOCCON=Cc2ccc(C=NOCCON=Cc3cccc(OC)c3O)c(O)c2O)c1O,MOFJIB,CHON
MOFLEZ,3.7607,[C-]#[N+]c1c2CCc3cccc(CCc4cccc(CCc5cccc(CCc1ccc2)c5[N+]#[C-])c4[N+]#[C-])c3[N+]#[C-],MOFLEZ,CHN
MOLKUU,3.8115,OC(=O)C1CCC2CC(=O)CCC2C1,MOLKUU,CHO
MOLRIO,3.1002,CC(C)=CCC1CC2C(=O)C=C(O)C(C2=O)C1(C)C,MOLRIO,CHO
MONPEL,3.0768,CN1C=CN=C1C(=O)Nc1ccccc1O,MONPEL,CHON
MOPNAH03,2.4908,CC(C)(C)c1cc(C=Nc2cccc(c2)C(O)=O)c(O)c(c1)C(C)(C)C,MOPNAH03,CHON
MOPPUD,3.2666,CC1(C)OC2COC3(CN(C4c5ccccc5c5ccccc45)C(=O)CO3)C(=O)C2O1,MOPPUD,CHON
MORPUE,4.7068,COC(=O)C1CCC1(C)C(=O)N(C(C)C)C(C)C,MORPUE,CHON
MORQAL,4.8344,CC1CC1C(=O)N(C1CCCCC1)C1CCCCC1,MORQAL,CHON
MOSBEC,2.9618,CC1=CCC2C(=O)C3C(C)(C4C(=O)C5CC=C(C)CC5(C)C(=O)C34C)C(=O)C2(C)C1,MOSBEC,CHO
MOSQEQ,1.7770,N1C2=CC=C1C(=C1C=CC(=N1)C(=C1NC(=C(c3ccccc3)C3=NC(=C2)C=C3)C=C1)c1ccccc1)c1ccccc1,MOSQEQ,CHN
MOSVIA,2.5651,CN(C(=O)c1ccccc1Nc1ccccc1)c1ccccc1,MOSVIA,CHON
MOSVOG,2.5675,Nc1ccccc1NC(=O)c1ccccc1Nc1ccccc1,MOSVOG,CHON
MOSYID,3.2566,COC(=O)CN1c2ccccc2c2ccccc12,MOSYID,CHON
MOTCEE,3.1025,CCOC(=O)c1cc(cc(c1)N(=O)=O)C(O)=O,MOTCEE,CHON
MOTNUF,2.7536,CN(c1ccccc1)c1ncccc1C(O)=O,MOTNUF,CHON
MOVFUZ,3.3445,N#CC1(OC(OC1c1ccc2OCOc2c1)c1ccccc1)C#N,MOVFUZ,CHON
MOVGOU,3.3360,COc1ccc(cc1)C1OC(c2ccc3OCOc3c2)C(O1)(C#N)C#N,MOVGOU,CHON
MOVHIP,2.7634,CN1C(OC(C#N)(C#N)C1c1ccccc1)c1ccc(cc1)N(=O)=O,MOVHIP,CHON
MOVJOX,2.9015,CC(C)=CCOc1ccccc1C(=O)c1ccccc1,MOVJOX,CHO
MOVROF,2.6181,CC(NC(=O)c1ccc2ccccc2c1c1c(ccc2ccccc12)C(O)=O)c1ccccc1,MOVROF,CHON
MOVTAS,2.6668,CCOC(=O)C1=C(NC(=O)N=C1C(=NO)N(=O)=O)c1ccccc1,MOVTAS,CHON
MOWSAT,2.0456,COC(=O)C(C)(Nc1ccccc1OC)C1OC(=O)C=C1,MOWSAT,CHON
MOZLIX,4.8720,COC1CC2C3CCC(C(C)COC(C)=O)C3(C)CCC2C2(C)CCC3CC123,MOZLIX,CHO
MOZZOR,3.0638,Cc1ccc2ccc(C)nc2n1,MOZZOR,CHN
MUBHEX,2.4291,O=C(Nc1ccccc1N(=O)=O)c1ccccc1,MUBHEX,CHON
MUBMEC,3.2751,N(C1C2N(C(Nc3ccccc3)C(N1c1ccccc1)N2c1ccccc1)c1ccccc1)c1ccccc1,MUBMEC,CHN
MUCHOI,3.7351,CCOC12CC(C)(c3ccc(C)cc3O1)c1ccc(C)cc1O2,MUCHOI,CHO
MUCKOL,3.2104,N#CC1(OC(OC1c1ccc2OCOc2c1)c1ccccc1)C#N,MUCKOL,CHON
MUDCIY,3.6356,CC1CC(=O)N(Cc2ccccc2)C(CO)CC2=C1Nc1ccccc21,MUDCIY,CHON
MUDGAU,3.7306,CC1CCCC2(C)OC(CCC(=O)OCC(C)(O)C1=O)C2=O,MUDGAU,CHO
MUDSUA,2.4597,NC(c1ccccc1)=C(N1c2ccccc2c2ccccc12)c1ccccc1,MUDSUA,CHN
MUDYIU,3.4862,Cc1c(C)c(N)c(C)c(C)c1N,MUDYIU,CHN
MUDZIV,3.4133,CC1(O)C[N+](=C(N)C2(CCCCC2)C1)[O-],MUDZIV,CHON
MUFLOP,4.2851,CCOC(=O)C1(NC(=O)NC1=O)c1ccccc1,MUFLOP,CHON
MUFNUX,4.5547,CC(C)=C1CC=CC2CCC(CO)(CO)CC12,MUFNUX,CHO
MUGNIL,3.6164,OCc1cc(Oc2ccccc2)cc(CO)c1O,MUGNIL,CHO
MUGXAN,3.5570,C1C2CC2(CN1Cc1ccccc1)N(Cc1ccccc1)Cc1ccccc1,MUGXAN,CHN
MUGXER,3.5677,C1CN(Cc2ccccc2)CC2(CC12)N(Cc1ccccc1)Cc1ccccc1,MUGXER,CHN
MUHDAV,1.4839,COc1ccc(c2ccccc2c2ccccc2)c2c1CCC1=C2c2c(CC1)ccc1C(=O)C(=CC(=O)c21)C,MUHDAV,CHO
MUJFON,3.2612,OCc1ccccc1C1=NC2C(Cc3ccccc23)O1,MUJFON,CHON
MUJJUX,4.2523,CCCC(CC=C)OC1OC(C)C2OC(C)(C)OC2C1OC1OC2COC(OC2C(O)C1O)c1ccc(OC)cc1,MUJJUX,CHO
MUJSIU,1.4683,CCC1=C(CC)C(NC1=O)=CC1=C(CC)C(=C(N1)C=C1N=C(OC)C(=C1CC)CC)CC,MUJSIU,CHON
MUKBAW,2.8475,COc1ccc(cc1)C=NN(C#N)c1nc(C)cc(C)n1,MUKBAW,CHON
MUKLIO,3.2656,O=N(=O)C1=NN(CN(CN2N=NC(=N2)N(=O)=O)CN2N=NC(=N2)N(=O)=O)N=N1,MUKLIO,CHON
MULGIK,3.5006,COc1ccc2C3CC(CC(=O)C3)Cc2n1,MULGIK,CHON
MULMEM,3.0117,CCOc1cc(nc2ccccc12)C(=O)NC,MULMEM,CHON
MULNEN,2.2858,NC(=O)c1cc(Oc2ccccc2)c2ccccc2n1[O],MULNEN,CHON
MULTIW,2.9821,CC1CCc2ccccc2C1=C1c2ccccc2C=Cc2ccccc12,MULTIW,CH
MUMFUW,4.8356,CCCCCCCCCCCC(O)(CO)CCCC(O)=O,MUMFUW,CHO
MUMJIO,3.2821,CC(=O)OCC1OC=C(C=O)C(OC(C)=O)C1OCc1ccccc1,MUMJIO,CHO
MUMWUN,4.0862,C1CC=C2C(C1)C1(OC2(c2ccccc2)c2ccccc12)c1ccccc1,MUMWUN,CHO
MUMXAU,3.6368,COC(=O)C=C(C1CCCc2c1c(C(=O)OC)c(C(=O)OC)c(C(=O)OC)c2C(=O)OC)C(=O)OC,MUMXAU,CHO
MUMXEY,4.0941,CC12CCCC=C1C1(OC2(c2ccccc2)c2ccccc12)c1ccccc1,MUMXEY,CHO
MUVTIH,1.5625,CN(C)c1ccc(C=CC=NN2N=C3C(=O)c4ccccc4C(=O)C3=N2)cc1,MUVTIH,CHON
MUWRIG,3.2123,OC12CCCC(C(C1N(=O)=O)c1ccc(cc1)C#N)C2=O,MUWRIG,CHON
MUXXIN,2.5769,CC(=O)C12CC3(C(CCc4ccccc34)C1c1ccccc1)C(=C2N)C#N,MUXXIN,CHON
MUYKUN,3.2203,CC(OC(C)=O)C(=O)Nc1ccccc1C1=Cc2ccccc2N1c1ccccc1C(C)(C)C,MUYKUN,CHON
MUZCEP,1.6605,CCOc1cc2c3cc(OCC)c(OCC)cc3c3c(cc(OCC)c(OCC)c3N(=O)=O)c2cc1OCC,MUZCEP,CHON
MUZSOQ,3.2018,O=C(OC1C2CC(C(OC(=O)c3ccncc3)c3ccccc23)c2ccccc12)c1ccncc1,MUZSOQ,CHON
MUZTAD,4.0157,OC1C2CC(C(OCc3ccncc3)c3ccccc23)c2ccccc12,MUZTAD,CHON
NADQUF,6.0589,COC(CO)(CO)OC,NADQUF,CHO
NAGNUG,5.2349,CC(=O)OCC1OC(N=C=O)C(OC(C)=O)C(OC(C)=O)C1OC(C)=O,NAGNUG,CHON
NAGWUO,1.9185,Cc1cc(C)c(c(C)c1)C(N=C(c1ccccc1)c1ccccc1)=C(N=C(c1ccccc1)c1ccccc1)c1c(C)cc(C)cc1C,NAGWUO,CHN
NAHGEK,2.3173,Oc1c(O)c2ccc1C=NOCCON=Cc1cccc(OCC=CCOc3cccc(C=NOCCON=C2)c3O)c1O,NAHGEK,CHON
NAHPUJ,3.3261,COc1cc2CCN3C(=O)C4C5C6CC(C=C6)C5CN4C(=O)C3(c3ccccc3)c2cc1OC,NAHPUJ,CHON
NAHYEC,3.0869,CCCCN1CC2=C(C(c3ccccc3O2)C2=C(C)Nc3ccccc23)C1=O,NAHYEC,CHON
NAHZIG,2.2862,CC(C)N(C(C)C)C(=O)C(=O)c1ccc(cc1)C(=O)NC(C)c1ccccc1,NAHZIG,CHON
NAHZON,3.5669,CN1C(=O)C(CC=C)(c2ccccc12)C(CC=C)(C#N)C#N,NAHZON,CHON
NAJBEG,2.2875,COC(=O)C(Cc1ccc(O)cc1)NC(=O)c1ccc(cc1)C(=O)C(=O)N(C(C)C)C(C)C,NAJBEG,CHON
NAJBUW,2.2973,CC(C)N(C(C)C)C(=O)C(=O)c1ccc(cc1)C(=O)NC(CO)c1ccccc1,NAJBUW,CHON
NAJCEH,2.3971,CC(C)N(C(C)C)C(=O)C(=O)c1cccc(c1)C(=O)NC(C)c1cccc2ccccc12,NAJCEH,CHON
NAJMAO,2.9164,Cc1ccc2c(c1)C(=O)CC2(c1ccccc1)c1ccccc1,NAJMAO,CHO
NAMKAN02,3.3826,Cc1ccnc(c1)c1cc(C)ccn1,NAMKAN02,CHN
NAMMEU,1.8185,COc1cccc(NN=C2C(=O)C=Cc3ccccc23)c1,NAMMEU,CHON
NAPNAU,3.1204,CC(=O)C1=C(C)OC2(C1c1ccccc1)c1ccccc1Oc1ccccc21,NAPNAU,CHO
NASPED,3.9813,O=C1C2CC=CC(C2C(=O)N1c1ccccc1)C1C(N(C2CCCCC2)C1=O)c1ccccc1,NASPED,CHON
NAYBOF,3.6359,CC1CC(OC(=O)C(C)=C)C2=C(COC(C)=O)C(=O)OC2C2OC2(C)CCC1OC(C)=O,NAYBOF,CHO
NAYHUR,2.9313,CC1=C(CCC2c3ccccc3c3ccccc23)c2cc3CCCc3cc2C1,NAYHUR,CH
NAZJEE,4.5573,COC(=O)CNC(=O)C1CCCN1C(=O)CNC(=O)OC(C)(C)C,NAZJEE,CHON
NELQOK,2.7657,COC(=O)c1cc(nc2ccccc12)c1ccccn1,NELQOK,CHON
NEMCEO,2.3115,COc1cc2Oc3cc(O)c4OC(C)(C)C=Cc4c3C(=O)c2c(O)c1CC=C(C)C,NEMCEO,CHO
NEMQUS,1.8912,CCC1=C(CC)C(NC1=O)=CC1=C(CC)C(=C(N1)C1(C)CC(C)(C)C2=C(CC)C(=C(C=C3NC(=O)C(=C3CC)CC)N12)CC)CC,NEMQUS,CHON
NENKEW,3.5383,CC12CCC3CC1C=CCC2(O)C3=O,NENKEW,CHO
NEPDOC,3.7942,CC(C)(C)C(OC(=O)C12CCC(CC1=O)C2(C)C)c1ccccn1,NEPDOC,CHON
NEPETA01,4.7072,CC(=O)OC1CC2(CO2)C2(CCC3(COC=C3)O2)C23CCCC(C)(C12)C(=O)OC3,NEPETA01,CHO
NEPVOU,3.8697,CC(C)c1ccc2OCCCCOc3ccc(cc3C(C3OCCO3)c2c1)C(C)C,NEPVOU,CHO
NEPWAH,2.9235,CC(C)c1ccc(OCCCCOc2ccc(cc2C=O)C(C)C)c(C=O)c1,NEPWAH,CHO
NEPXUC,4.2457,COC(=O)C(CC#C)(CC1C(C)(C)C2CCC1(C)O2)C(=O)OC,NEPXUC,CHO
NEQLUR,2.7266,Cc1nc2ccc(cc2nc1C)c1ccc2nc(C)c(C)nc2c1,NEQLUR,CHN
NERSAF,2.6378,CN1C=C(C)C=CC1=NN(=O)=O,NERSAF,CHON
NEXZOG,3.2103,CC1(CCC2(C)C(CCC3(C)C2CCC(=O)C3=CO)C1)C=C,NEXZOG,CHO
NEZQAL,2.4025,Oc1ccccc1C=Nc1cccc2cccnc12,NEZQAL,CHON
NIFDUC,2.4010,O=C(C=CC1=CC=CO1)c1cccc(c1)N(=O)=O,NIFDUC,CHON
NIGWOQ,3.6453,COC(=O)C1CCCC2=C1N(Cc1ccccc1)C=N2,NIGWOQ,CHON
NIKTUX,2.6927,CCOC(=O)CN1c2ccccc2C(=O)c2ccccc12,NIKTUX,CHON
NISCAU,4.1922,CC(C)(C)C(=O)OC1CCC(=O)N(OCc2ccccc2)C1CC=C,NISCAU,CHON
NITOLU01,3.2869,Cc1ccc(cc1)N(=O)=O,NITOLU01,CHON
NIVKUZ,3.7444,CN1C(=O)C2CC=C(C=C)C(CC#C)C2C1=O,NIVKUZ,CHON
NIWVUL,3.5980,NC(=O)c1ccc(CN2C=CC=N2)cc1,NIWVUL,CHON
NIXZEA,2.0226,[NH3+]C1CCCCC1N=Cc1cccc(C(=O)[O-])c1O,NIXZEA,CHON
NIYBIG,3.8949,CC(=C)C(=O)OCCOC1OC(COC(C)=O)C(OC(C)=O)C(OC(C)=O)C1OC(C)=O,NIYBIG,CHO
NIZHEK,2.8883,CC(NC(=O)N(Cc1ccccc1)C1=C(NC(=C1)C(=O)OCc1ccccc1)C=C(C)C)c1ccccc1,NIZHEK,CHON
NIZXOK,3.0621,O=C1C(=O)C(=C1NCCc1ccccn1)NCCc1ccccn1,NIZXOK,CHON
NMBZYA02,1.8567,COc1ccc(cc1)N=Cc1ccc(cc1)N(=O)=O,NMBZYA02,CHON
NOBPOK,3.7953,CC(C)C1C=CCC2CCC3OC43C1CCC(=O)C24,NOBPOK,CHO
NODTAB01,3.2203,CC1(C)NC(=NOC1(O)c1ccccc1)c1ccccc1,NODTAB01,CHON
NOJJEC,3.6666,O=C(CCCC1=CNc2ccccc12)N(C1CCCCC1)C(=O)NC1CCCCC1,NOJJEC,CHON
NOLJAA,3.9598,CN(Cc1cc(cc(c1O)C(C)(C)C)C(C)(C)C)C1CCCCC1,NOLJAA,CHON
NOLTOY,2.1400,C(N1C=CC(=N1)c1ccccn1)c1c2ccccc2c(CN2C=CC(=N2)c2ccccn2)c2ccccc12,NOLTOY,CHN
NOQKOU,3.5649,CCC1C(c2ccc(OC)cc2)c2cc3OCOc3cc2OC1=O,NOQKOU,CHO
NOQTIX,2.8470,N#Cc1ccc(CN2c3ccccc3N=C2c2ccc(cc2)C#N)cc1,NOQTIX,CHN
NORCUT,2.6270,CCOc1cccc(C=NCC(C)(C)CN=Cc2cccc(OCC)c2O)c1O,NORCUT,CHON
NORFUW,2.2292,COc1ccc(O)c(C=Nc2ccccc2C)c1,NORFUW,CHON
NORQAN,2.4442,CCCCCCOc1ccc(C=CC(=O)c2cccc(O)c2)cc1,NORQAN,CHO
NTRANT01,2.0590,O=N(=O)c1c2ccccc2cc2ccccc12,NTRANT01,CHON
NUBDUJ,2.9621,CC(=O)Nc1ccc(c(COC(C)=O)c1)N(=O)=O,NUBDUJ,CHON
NUBZIU,2.2520,CC1=C2CC(OC(C)(C)C2CC1)c1ccc(cc1)N(=O)=O,NUBZIU,CHON
NUCMII,3.4016,CC(OC(=O)C1(CCN(C)C1=O)c1ccccc1)c1ccc2ccccc2c1,NUCMII,CHON
NUDMOP,2.2570,CCOC1=C2c3c(OC)cc(OC)cc3OC2(C(C1=O)c1ccccc1)c1ccc(OC)cc1,NUDMOP,CHO
NUDQEJ01,3.5349,O=C1N2CCCC2C2=CN=NN2c2ccccc12,NUDQEJ01,CHON
NUKMAH02,2.2489,CC(C)OC(=O)c1c2ccccc2cc2ccccc12,NUKMAH02,CHO
NUKMIP01,2.2557,CC(C)(C)OC(=O)c1c2ccccc2cc2ccccc12,NUKMIP01,CHO
NUKQAM,3.7955,COC1CN(Cc2ccccc2)C2C(COC2=O)O1,NUKQAM,CHON
NULJIO,2.3216,CC(=O)OCC1OC(CC1OC(C)=O)N1C=C(C(=O)NC1=O)C1=CC2=CN(C3CC(OC(C)=O)C(COC(C)=O)O3)C(=O)N=C2O1,NULJIO,CHON
NUMSAQ,3.5080,CC(O)C1OC(=O)C=C2C3(C)C(O)CCC4(C)C3C(OC4=O)C3OC123,NUMSAQ,CHO
NUMSIY,3.5059,CC(CO)C1OC(=O)C=C2C3(C)C(O)CC(O)C4(C)C3C(OC4=O)C3OC123,NUMSIY,CHO
NUMSOE,3.5619,CC(O)(CO)C1OC(=O)C=C2C3(C)C(O)CC(O)C4(C)C3C(OC4=O)C3OC123,NUMSOE,CHO
NUMTAR,3.4397,CC12C(O)C3OC3C3(C)C1C(OC2=O)C1OC21C(OC(=O)C=C32)C(O)CO,NUMTAR,CHO
NUNBOO,2.4984,O=C1N(Cc2ccncc2)C(=O)c2ccccc12,NUNBOO,CHON
NUNCAB,2.8148,O=C1N(C(=O)c2ccccc12)c1cccc2cccnc12,NUNCAB,CHON
NUNHEK,3.4478,O=C1OCC2CC3(N=CN(Cc4ccccc4)C3=O)C(C12)C1=CN(Cc2ccccc2)C=N1,NUNHEK,CHON
NUPQOF,2.1411,CC1=NOC(=C1C)N=Cc1c(O)ccc2ccccc12,NUPQOF,CHON
NUPSUN,3.2421,CCOC(=O)c1ccc2N(C(=Nc2c1)c1ccc(O)c(OC)c1)C(C)(C)C,NUPSUN,CHON
NUQBEH,3.2035,CC(=NC1CCCCC1N=C(C)c1ccccn1)c1ccccn1,NUQBEH,CHN
NUQFOV,2.9275,C1C(N=C(c2ccccc2)c2cc3ccccc3nc12)c1ccccc1,NUQFOV,CHN
NUQGOW,3.1167,COc1cc(O)c(C(=O)CCc2ccccc2)c(O)c1,NUQGOW,CHO
NUQVOL,2.6910,CC(C)(C)OC(=O)NC(CCCCN1C(=O)c2cccc3cccc(C1=O)c23)C(O)=O,NUQVOL,CHON
NUQZIJ,2.0431,Nc1ccc(cc1[NH+]=Cc1c([O-])ccc2ccccc12)N(=O)=O,NUQZIJ,CHON
NUQZOP,2.4671,O=C(c1ccccc1)C1=CN(N=C1C1=CC=C(O1)N(=O)=O)c1ccccc1,NUQZOP,CHON
NUQZUV,2.4717,COc1ccc(C=NNC(=O)c2ccncc2)c(OC)c1OC,NUQZUV,CHON
NURBIM,2.4756,CC(=O)c1c(C)nc2ccc(cc2c1c1ccccc1)N(=O)=O,NURBIM,CHON
NURSOJ,2.9264,CC(C)C1N(CCC(C)=O)C(N(C1=O)c1ccccn1)c1ccc(cc1)C#N,NURSOJ,CHON
NUSPAT,2.2537,CC(C)N(C(C)C)C(=O)C12C3CC(C=C3)C1C(=O)c1ccccc1C2=O,NUSPAT,CHON
OBAGEF,3.7151,COCOC1CC2CCC(=O)CC2C2(C)CCC(O)C(C)(CCO)C12,OBAGEF,CHO
OBAGIJ,4.1032,COCOC1CC2CCC(CC2C2(C)C=C(OC)C3(C)C(=O)OCCC3(C)C12)OCc1ccc(OC)cc1,OBAGIJ,CHO
OBATAO,3.1986,COc1ccc(Nc2nccc(NC3CCCCC3)n2)cc1,OBATAO,CHON
OBAXOG,3.3407,CC(C)(C)OC(=O)N1CCC2CC(C1)N(C2)C(c1ccccc1)c1ccccc1,OBAXOG,CHON
OBEQES,2.9789,COc1cc(OC)cc(c1)C(=O)Nc1cc(cc(NC(=O)c2cc(OC)cc(OC)c2)c1C)C(=O)OCc1ccc2ccc3ccc(C)nc3c2n1,OBEQES,CHON
OBUDAS,2.2347,COc1ccccc1Oc1ncccc1N(=O)=O,OBUDAS,CHON
OBUDEU,2.9004,O=C1c2ccccc2C2CCCCC12C1CCC=C1,OBUDEU,CHO
OBUXIU,2.4566,CC(=NO)C(=O)NN=Cc1ccccc1O,OBUXIU,CHON
OCACIG,4.7333,CC(=O)OCC1OC(OCC#C)C=CC1OC(C)=O,OCACIG,CHO
OCAHUW,5.1372,COC1OCC(OC(=O)C(C)(C)C)C(OC(=O)C(C)(C)C)C1OC(=O)C(C)(C)C,OCAHUW,CHO
OCALOV,4.5862,CCCCCCCCCCCCCCCC(=O)OC1CCC2(C)C(CCC3(C)C2C(O)C=C2C4C(C)C(C)CCC4(C)CCC32C)C1(C)C,OCALOV,CHO
OCALUB,3.1808,COc1cc2c(Oc3c2cc(OC)cc3C(C)(C)C)c(c1)C(C)(C)C,OCALUB,CHO
OCAPIT,2.7145,COc1ccc(cc1)C(=O)NN=Cc1ccc(OC)c(O)c1,OCAPIT,CHON
OCEHIP,2.6966,CC1=C2C(C3OC(=O)C(=C)C3CC1)C(=CC2=O)C,OCEHIP,CHO
OCEMAM,3.2488,CC1c2ccccc2c2c1c1c3ccccc3C(C)c1c1c3ccccc3C(C)c21,OCEMAM,CH
OCESOG,3.2569,CN(CN(C)c1ccccn1)c1ccccn1,OCESOG,CHN
OCINUK,2.3495,CC(C)(C)C1=CC2=C3C=C(C=CN3[C]N2C=C1)C(C)(C)C,OCINUK,CHN
OCULOO,3.6034,CCC(O)(CC=C)C(=O)N1C2CC3CCC2(C(=O)N1c1ccccc1)C3(C)C,OCULOO,CHON
ODAWUM,3.7574,Cc1ccc(cc1)C(=O)NCCCCCCCCNC(=O)c1ccc(C)cc1,ODAWUM,CHON
ODEJAJ,2.7517,c1ccc(cc1)c1nc2ccccc2nc1c1ccccc1,ODEJAJ,CHN
ODIBUA,3.0061,OC1N(c2ccccc2)C(=O)c2ncccc12,ODIBUA,CHON
ODICAH,2.8114,OC1(N(c2ccccc2)C(=O)c2ccncc12)c1ccccc1,ODICAH,CHON
ODIGOZ01,0.0000,OCC#CC#CN(c1ccccc1)c1ccc(cc1)N(C#CC#CCO)c1ccccc1,ODIGOZ01,CHON
OFEVEB,3.7497,CC1C(=O)OCC(=O)NCC(C)(c2ccccc2)C(O)(c2ccccc2)c2cccc1c2,OFEVEB,CHON
OFOXIR,2.5671,CCOC(=O)C1=C(C(=O)OCC)C(OC2N1C=Cc1ccccc21)(C#N)c1ccccc1,OFOXIR,CHON
OGASOF,3.2492,CC(C)(C)OC(=O)NC(C)(C)C(=O)NC1CCCC1C(=O)NC(C)(C)C(=O)NC1CCCC1C(=O)NC(C)(C)C(=O)NC1CCCC1C(=O)OCc1ccccc1,OGASOF,CHON
OGATIA,3.2033,CC(NC(=O)OC(C)(C)C)C(=O)NC1CCCC1C(=O)NC(C)(C)C(=O)NC1CCCC1C(=O)NC(C)(C)C(=O)NC1CCCC1C(=O)OCc1ccccc1,OGATIA,CHON
OGATOG,3.1811,CC(NC(=O)C1CCCC1NC(=O)C(C)(C)NC(=O)OC(C)(C)C)C(=O)NC1CCCC1C(=O)NC(C)(C)C(=O)NC1CCCC1C(=O)OCc1ccccc1,OGATOG,CHON
OGENEU,2.1433,O=C(Nc1cccc2cccnc12)c1ccccc1N(=O)=O,OGENEU,CHON
OGEPUM,2.0441,O=C(Nc1cccc2cccnc12)c1ccc(cc1)N(=O)=O,OGEPUM,CHON
OGEQOH,2.5600,CCN1c2ccccc2c2cc(ccc12)C1=CN=C2N=CC=CN12,OGEQOH,CHN
OGEWIH,3.6241,CC(C)c1cccc(C(C)C)c1c1cccc(c1N#[C])c1c(cccc1C(C)C)C(C)C,OGEWIH,CHN
OGIQIF,3.1259,O=C(NN(=O)=O)NC(CN=[N+]=[N-])(CN=[N+]=[N-])CN=[N+]=[N-],OGIQIF,CHON
OGOMON,3.4568,c1ccc(cc1)N1C=C(N=N1)c1ccccn1,OGOMON,CHN
OHEJEQ,2.5086,O=C1NN=CC(=N1)c1ccccc1,OHEJEQ,CHON
OHOFOH,3.6371,Cc1ccc(CN2N=C(CCCc3ccc(OC(C)(C)C(O)=O)cc3)NC2=O)cc1,OHOFOH,CHON
OHOWIR,3.7781,CC1C2CCC(C)(O2)C2CC(C)(C)C(C#N)C2C1=O,OHOWIR,CHON
OJAJIT,3.8593,CCC(C1CCCCC1NC(=O)OC(C)(C)C)C(=O)NC(Cc1ccccc1)C(=O)NC1CCCCC1C(CC)C(=O)NC(Cc1ccccc1)C(=O)OC,OJAJIT,CHON
OJICOA,3.0327,C1c2ccccc2c2ccc3c(Cc4ccccc34)c12,OJICOA,CH
OJILIC,2.4997,CCOC(=O)C1=C(O)c2cc(OCOC)ccc2N(C)C1=O,OJILIC,CHON
OJIXUB,3.4877,COc1cc2CCN3CC(C)(C)C4=C(Nc5ccccc45)C3c2cc1OC,OJIXUB,CHON
OJOSEM,4.0540,CCOC(=O)C1(N=C(NC(C)(C)C)C(C1C(=O)OC)C(=O)OC)C(=O)OCC,OJOSEM,CHON
OJOVOZ,3.6770,CC1OC2C(O)C1(CO)OC2N1C=CC(=O)NC1=O,OJOVOZ,CHON
OJUBUR,2.8320,COC(=O)C1=C(C(=O)OC)C(NC1c1ccccc1)(C(=O)OC)c1ccccc1,OJUBUR,CHON
OJUCAY,2.7484,COC(=O)C1=C(C(=O)OC)C(N=C1c1ccccc1)(C(=O)OC)c1ccccc1,OJUCAY,CHON
OJUVUK,1.6971,CCCCCCc1cc(C=Cc2ccc(cc2)C=Cc2cc(CCCCCC)c(C=Cc3ccc(C)cc3)cc2CCCCCC)c(CCCCCC)cc1C=Cc1ccc(C)cc1,OJUVUK,CH
OKOFOK,4.5761,CC1CCCC2C(O)C3(CC12C)C(=C)COC3=O,OKOFOK,CHO
OKOGAX,2.6287,COc1ccc2ccccc2c1c1cccc2cccc(C=NC(C)C)c12,OKOGAX,CHON
OKUCEC,3.4000,COC1C2C3C2C(C1C3=O)(c1ccccc1)c1ccccn1,OKUCEC,CHON
OKUZEA,3.3567,O=C1CCCOc2ccccc2N2N=NC(=N2)c2ccccc2N1,OKUZEA,CHON
OKUZIE,2.3964,C1CCOc2ccccc2C2=NN(C3C4CCC(C4)C23)c2ccccc2OC1,OKUZIE,CHON
OLACIO,2.9782,CC12CCC(C1)C(C)(C)C2(O)c1ccccc1c1cccc(n1)c1ccccc1,OLACIO,CHON
OLEBOX,3.3010,C1CCN(CC1)c1cc(N2CCCCC2)c(cc1N1CCCCC1)N1CCCCC1,OLEBOX,CHN
OLECEO,3.3170,C1CN(CCO1)c1cc(N2CCOCC2)c(cc1N1CCOCC1)N1CCOCC1,OLECEO,CHON
OLENOI,3.8094,CC1CC(=O)CC2C3OC4(C(OC(C)=O)C(=CC4C12O)C)C(OC(C)=O)C3(COC(C)=O)OC(C)=O,OLENOI,CHO
OLESUU,3.7809,CC(C)C12CCC3(C)C4CCC5C6C7OCC6(CCC7(C)C)CCC5(C)C4(C)CCC3(OO1)O2,OLESUU,CHO
